,channel,name,pitch,tempo,note_midi_value,note_seconds,octave,note_value,note_name,angle
27,0.0,,,,50.0,48.0,4.0,2.0,D,60
28,0.0,,,,43.0,48.0,3.0,7.0,C#,210
31,0.0,,,,50.0,48.25,4.0,2.0,D,60
32,0.0,,,,43.0,48.25,3.0,7.0,C#,210
35,0.0,,,,50.0,48.5,4.0,2.0,D,60
36,0.0,,,,43.0,48.5,3.0,7.0,C#,210
39,0.0,,,,50.0,48.75,4.0,2.0,D,60
40,0.0,,,,43.0,48.75,3.0,7.0,C#,210
43,0.0,,,,50.0,49.0,4.0,2.0,D,60
44,0.0,,,,43.0,49.0,3.0,7.0,C#,210
47,0.0,,,,50.0,49.25,4.0,2.0,D,60
48,0.0,,,,43.0,49.25,3.0,7.0,C#,210
51,0.0,,,,50.0,49.5,4.0,2.0,D,60
52,0.0,,,,43.0,49.5,3.0,7.0,C#,210
55,0.0,,,,50.0,49.75,4.0,2.0,D,60
56,0.0,,,,43.0,49.75,3.0,7.0,C#,210
59,0.0,,,,45.0,50.0,3.0,9.0,D#,270
60,0.0,,,,40.0,50.0,3.0,4.0,E,120
63,0.0,,,,45.0,50.25,3.0,9.0,D#,270
64,0.0,,,,40.0,50.25,3.0,4.0,E,120
67,0.0,,,,52.0,50.5,4.0,4.0,E,120
68,0.0,,,,45.0,50.5,3.0,9.0,D#,270
69,0.0,,,,40.0,50.5,3.0,4.0,E,120
73,0.0,,,,52.0,50.75,4.0,4.0,E,120
74,0.0,,,,45.0,50.75,3.0,9.0,D#,270
75,0.0,,,,40.0,50.75,3.0,4.0,E,120
79,0.0,,,,57.0,51.0,4.0,9.0,D#,270
80,0.0,,,,52.0,51.0,4.0,4.0,E,120
81,0.0,,,,45.0,51.0,3.0,9.0,D#,270
82,0.0,,,,40.0,51.0,3.0,4.0,E,120
87,0.0,,,,61.0,51.25,5.0,1.0,G,30
88,0.0,,,,57.0,51.25,4.0,9.0,D#,270
89,0.0,,,,52.0,51.25,4.0,4.0,E,120
90,0.0,,,,45.0,51.25,3.0,9.0,D#,270
91,0.0,,,,40.0,51.25,3.0,4.0,E,120
97,0.0,,,,64.0,51.5,5.0,4.0,E,120
98,0.0,,,,61.0,51.5,5.0,1.0,G,30
99,0.0,,,,57.0,51.5,4.0,9.0,D#,270
100,0.0,,,,52.0,51.5,4.0,4.0,E,120
101,0.0,,,,45.0,51.5,3.0,9.0,D#,270
102,0.0,,,,40.0,51.5,3.0,4.0,E,120
109,0.0,,,,64.0,51.75,5.0,4.0,E,120
110,0.0,,,,61.0,51.75,5.0,1.0,G,30
111,0.0,,,,57.0,51.75,4.0,9.0,D#,270
112,0.0,,,,52.0,51.75,4.0,4.0,E,120
113,0.0,,,,45.0,51.75,3.0,9.0,D#,270
114,0.0,,,,40.0,51.75,3.0,4.0,E,120
115,0.0,,,,57.0,51.96875,4.0,9.0,D#,270
116,0.0,,,,52.0,51.96875,4.0,4.0,E,120
117,0.0,,,,45.0,51.96875,3.0,9.0,D#,270
127,0.0,,,,64.0,52.0,5.0,4.0,E,120
128,0.0,,,,59.0,52.0,4.0,11.0,F,330
129,0.0,,,,52.0,52.0,4.0,4.0,E,120
133,1.0,,,,64.0,52.75,5.0,4.0,E,120
134,1.0,,,,59.0,52.75,4.0,11.0,F,330
135,1.0,,,,52.0,52.75,4.0,4.0,E,120
148,0.0,,,,67.0,53.0,5.0,7.0,C#,210
149,0.0,,,,62.0,53.0,5.0,2.0,D,60
150,0.0,,,,55.0,53.0,4.0,7.0,C#,210
154,0.0,,,,64.0,53.375,5.0,4.0,E,120
155,0.0,,,,59.0,53.375,4.0,11.0,F,330
156,0.0,,,,52.0,53.375,4.0,4.0,E,120
160,0.0,,,,62.0,53.75,5.0,2.0,D,60
161,0.0,,,,57.0,53.75,4.0,9.0,D#,270
162,0.0,,,,50.0,53.75,4.0,2.0,D,60
166,0.0,,,,60.0,54.0,5.0,0.0,C,0
167,0.0,,,,55.0,54.0,4.0,7.0,C#,210
168,0.0,,,,48.0,54.0,4.0,0.0,C,0
172,0.0,,,,59.0,55.0,4.0,11.0,F,330
173,0.0,,,,54.0,55.0,4.0,6.0,F#,180
174,0.0,,,,47.0,55.0,3.0,11.0,F,330
175,0.0,,,,57.0,55.96875,4.0,9.0,D#,270
176,0.0,,,,52.0,55.96875,4.0,4.0,E,120
177,0.0,,,,45.0,55.96875,3.0,9.0,D#,270
184,0.0,,,,64.0,56.0,5.0,4.0,E,120
185,0.0,,,,59.0,56.0,4.0,11.0,F,330
186,0.0,,,,52.0,56.0,4.0,4.0,E,120
190,1.0,,,,64.0,56.75,5.0,4.0,E,120
191,1.0,,,,59.0,56.75,4.0,11.0,F,330
192,1.0,,,,52.0,56.75,4.0,4.0,E,120
205,0.0,,,,67.0,57.0,5.0,7.0,C#,210
206,0.0,,,,62.0,57.0,5.0,2.0,D,60
207,0.0,,,,55.0,57.0,4.0,7.0,C#,210
211,0.0,,,,64.0,57.375,5.0,4.0,E,120
212,0.0,,,,59.0,57.375,4.0,11.0,F,330
213,0.0,,,,52.0,57.375,4.0,4.0,E,120
217,0.0,,,,62.0,57.75,5.0,2.0,D,60
218,0.0,,,,57.0,57.75,4.0,9.0,D#,270
219,0.0,,,,50.0,57.75,4.0,2.0,D,60
223,0.0,,,,60.0,58.0,5.0,0.0,C,0
224,0.0,,,,55.0,58.0,4.0,7.0,C#,210
225,0.0,,,,48.0,58.0,4.0,0.0,C,0
229,0.0,,,,62.0,58.375,5.0,2.0,D,60
230,0.0,,,,57.0,58.375,4.0,9.0,D#,270
231,0.0,,,,50.0,58.375,4.0,2.0,D,60
235,0.0,,,,60.0,58.75,5.0,0.0,C,0
236,0.0,,,,55.0,58.75,4.0,7.0,C#,210
237,0.0,,,,48.0,58.75,4.0,0.0,C,0
241,0.0,,,,59.0,59.0,4.0,11.0,F,330
242,0.0,,,,54.0,59.0,4.0,6.0,F#,180
243,0.0,,,,47.0,59.0,3.0,11.0,F,330
244,0.0,,,,57.0,59.96875,4.0,9.0,D#,270
245,0.0,,,,52.0,59.96875,4.0,4.0,E,120
246,0.0,,,,45.0,59.96875,3.0,9.0,D#,270
253,0.0,,,,64.0,60.0,5.0,4.0,E,120
254,0.0,,,,59.0,60.0,4.0,11.0,F,330
255,0.0,,,,52.0,60.0,4.0,4.0,E,120
259,1.0,,,,64.0,60.75,5.0,4.0,E,120
260,1.0,,,,59.0,60.75,4.0,11.0,F,330
261,1.0,,,,52.0,60.75,4.0,4.0,E,120
274,0.0,,,,67.0,61.0,5.0,7.0,C#,210
275,0.0,,,,62.0,61.0,5.0,2.0,D,60
276,0.0,,,,55.0,61.0,4.0,7.0,C#,210
280,0.0,,,,64.0,61.375,5.0,4.0,E,120
281,0.0,,,,59.0,61.375,4.0,11.0,F,330
282,0.0,,,,52.0,61.375,4.0,4.0,E,120
286,0.0,,,,62.0,61.75,5.0,2.0,D,60
287,0.0,,,,57.0,61.75,4.0,9.0,D#,270
288,0.0,,,,50.0,61.75,4.0,2.0,D,60
292,0.0,,,,60.0,62.0,5.0,0.0,C,0
293,0.0,,,,55.0,62.0,4.0,7.0,C#,210
294,0.0,,,,48.0,62.0,4.0,0.0,C,0
298,0.0,,,,59.0,63.0,4.0,11.0,F,330
299,0.0,,,,54.0,63.0,4.0,6.0,F#,180
300,0.0,,,,47.0,63.0,3.0,11.0,F,330
301,0.0,,,,57.0,63.96875,4.0,9.0,D#,270
302,0.0,,,,52.0,63.96875,4.0,4.0,E,120
303,0.0,,,,45.0,63.96875,3.0,9.0,D#,270
310,0.0,,,,64.0,64.0,5.0,4.0,E,120
311,0.0,,,,59.0,64.0,4.0,11.0,F,330
312,0.0,,,,52.0,64.0,4.0,4.0,E,120
316,1.0,,,,64.0,64.75,5.0,4.0,E,120
317,1.0,,,,59.0,64.75,4.0,11.0,F,330
318,1.0,,,,52.0,64.75,4.0,4.0,E,120
331,0.0,,,,67.0,65.0,5.0,7.0,C#,210
332,0.0,,,,62.0,65.0,5.0,2.0,D,60
333,0.0,,,,55.0,65.0,4.0,7.0,C#,210
337,0.0,,,,64.0,65.375,5.0,4.0,E,120
338,0.0,,,,59.0,65.375,4.0,11.0,F,330
339,0.0,,,,52.0,65.375,4.0,4.0,E,120
343,0.0,,,,62.0,65.75,5.0,2.0,D,60
344,0.0,,,,57.0,65.75,4.0,9.0,D#,270
345,0.0,,,,50.0,65.75,4.0,2.0,D,60
349,0.0,,,,60.0,66.0,5.0,0.0,C,0
350,0.0,,,,55.0,66.0,4.0,7.0,C#,210
351,0.0,,,,48.0,66.0,4.0,0.0,C,0
355,0.0,,,,62.0,66.375,5.0,2.0,D,60
356,0.0,,,,57.0,66.375,4.0,9.0,D#,270
357,0.0,,,,50.0,66.375,4.0,2.0,D,60
361,0.0,,,,60.0,66.75,5.0,0.0,C,0
362,0.0,,,,55.0,66.75,4.0,7.0,C#,210
363,0.0,,,,48.0,66.75,4.0,0.0,C,0
367,0.0,,,,59.0,67.0,4.0,11.0,F,330
368,0.0,,,,54.0,67.0,4.0,6.0,F#,180
369,0.0,,,,47.0,67.0,3.0,11.0,F,330
373,0.0,,,,50.0,68.0,4.0,2.0,D,60
374,0.0,,,,43.0,68.0,3.0,7.0,C#,210
377,0.0,,,,50.0,68.25,4.0,2.0,D,60
378,0.0,,,,43.0,68.25,3.0,7.0,C#,210
381,0.0,,,,50.0,68.5,4.0,2.0,D,60
382,0.0,,,,43.0,68.5,3.0,7.0,C#,210
385,0.0,,,,50.0,68.75,4.0,2.0,D,60
386,0.0,,,,43.0,68.75,3.0,7.0,C#,210
389,0.0,,,,50.0,69.0,4.0,2.0,D,60
390,0.0,,,,43.0,69.0,3.0,7.0,C#,210
393,0.0,,,,50.0,69.25,4.0,2.0,D,60
394,0.0,,,,43.0,69.25,3.0,7.0,C#,210
397,0.0,,,,50.0,69.5,4.0,2.0,D,60
398,0.0,,,,43.0,69.5,3.0,7.0,C#,210
401,0.0,,,,50.0,69.75,4.0,2.0,D,60
402,0.0,,,,43.0,69.75,3.0,7.0,C#,210
405,0.0,,,,45.0,70.0,3.0,9.0,D#,270
406,0.0,,,,40.0,70.0,3.0,4.0,E,120
409,0.0,,,,45.0,70.25,3.0,9.0,D#,270
410,0.0,,,,40.0,70.25,3.0,4.0,E,120
413,0.0,,,,52.0,70.5,4.0,4.0,E,120
414,0.0,,,,45.0,70.5,3.0,9.0,D#,270
415,0.0,,,,40.0,70.5,3.0,4.0,E,120
419,0.0,,,,52.0,70.75,4.0,4.0,E,120
420,0.0,,,,45.0,70.75,3.0,9.0,D#,270
421,0.0,,,,40.0,70.75,3.0,4.0,E,120
425,0.0,,,,57.0,71.0,4.0,9.0,D#,270
426,0.0,,,,52.0,71.0,4.0,4.0,E,120
427,0.0,,,,45.0,71.0,3.0,9.0,D#,270
428,0.0,,,,40.0,71.0,3.0,4.0,E,120
433,0.0,,,,61.0,71.25,5.0,1.0,G,30
434,0.0,,,,57.0,71.25,4.0,9.0,D#,270
435,0.0,,,,52.0,71.25,4.0,4.0,E,120
436,0.0,,,,45.0,71.25,3.0,9.0,D#,270
437,0.0,,,,40.0,71.25,3.0,4.0,E,120
443,0.0,,,,64.0,71.5,5.0,4.0,E,120
444,0.0,,,,61.0,71.5,5.0,1.0,G,30
445,0.0,,,,57.0,71.5,4.0,9.0,D#,270
446,0.0,,,,52.0,71.5,4.0,4.0,E,120
447,0.0,,,,45.0,71.5,3.0,9.0,D#,270
448,0.0,,,,40.0,71.5,3.0,4.0,E,120
455,0.0,,,,64.0,71.75,5.0,4.0,E,120
456,0.0,,,,61.0,71.75,5.0,1.0,G,30
457,0.0,,,,57.0,71.75,4.0,9.0,D#,270
458,0.0,,,,52.0,71.75,4.0,4.0,E,120
459,0.0,,,,45.0,71.75,3.0,9.0,D#,270
460,0.0,,,,40.0,71.75,3.0,4.0,E,120
467,0.0,,,,50.0,120.0,4.0,2.0,D,60
468,0.0,,,,43.0,120.0,3.0,7.0,C#,210
471,0.0,,,,50.0,120.25,4.0,2.0,D,60
472,0.0,,,,43.0,120.25,3.0,7.0,C#,210
475,0.0,,,,50.0,120.5,4.0,2.0,D,60
476,0.0,,,,43.0,120.5,3.0,7.0,C#,210
479,0.0,,,,50.0,120.75,4.0,2.0,D,60
480,0.0,,,,43.0,120.75,3.0,7.0,C#,210
483,0.0,,,,50.0,121.0,4.0,2.0,D,60
484,0.0,,,,43.0,121.0,3.0,7.0,C#,210
487,0.0,,,,50.0,121.25,4.0,2.0,D,60
488,0.0,,,,43.0,121.25,3.0,7.0,C#,210
491,0.0,,,,50.0,121.5,4.0,2.0,D,60
492,0.0,,,,43.0,121.5,3.0,7.0,C#,210
495,0.0,,,,50.0,121.75,4.0,2.0,D,60
496,0.0,,,,43.0,121.75,3.0,7.0,C#,210
499,0.0,,,,45.0,122.0,3.0,9.0,D#,270
500,0.0,,,,40.0,122.0,3.0,4.0,E,120
503,0.0,,,,45.0,122.25,3.0,9.0,D#,270
504,0.0,,,,40.0,122.25,3.0,4.0,E,120
507,0.0,,,,52.0,122.5,4.0,4.0,E,120
508,0.0,,,,45.0,122.5,3.0,9.0,D#,270
509,0.0,,,,40.0,122.5,3.0,4.0,E,120
513,0.0,,,,52.0,122.75,4.0,4.0,E,120
514,0.0,,,,45.0,122.75,3.0,9.0,D#,270
515,0.0,,,,40.0,122.75,3.0,4.0,E,120
519,0.0,,,,57.0,123.0,4.0,9.0,D#,270
520,0.0,,,,52.0,123.0,4.0,4.0,E,120
521,0.0,,,,45.0,123.0,3.0,9.0,D#,270
522,0.0,,,,40.0,123.0,3.0,4.0,E,120
527,0.0,,,,61.0,123.25,5.0,1.0,G,30
528,0.0,,,,57.0,123.25,4.0,9.0,D#,270
529,0.0,,,,52.0,123.25,4.0,4.0,E,120
530,0.0,,,,45.0,123.25,3.0,9.0,D#,270
531,0.0,,,,40.0,123.25,3.0,4.0,E,120
537,0.0,,,,64.0,123.5,5.0,4.0,E,120
538,0.0,,,,61.0,123.5,5.0,1.0,G,30
539,0.0,,,,57.0,123.5,4.0,9.0,D#,270
540,0.0,,,,52.0,123.5,4.0,4.0,E,120
541,0.0,,,,45.0,123.5,3.0,9.0,D#,270
542,0.0,,,,40.0,123.5,3.0,4.0,E,120
549,0.0,,,,64.0,123.75,5.0,4.0,E,120
550,0.0,,,,61.0,123.75,5.0,1.0,G,30
551,0.0,,,,57.0,123.75,4.0,9.0,D#,270
552,0.0,,,,52.0,123.75,4.0,4.0,E,120
553,0.0,,,,45.0,123.75,3.0,9.0,D#,270
554,0.0,,,,40.0,123.75,3.0,4.0,E,120
555,0.0,,,,57.0,123.96875,4.0,9.0,D#,270
556,0.0,,,,52.0,123.96875,4.0,4.0,E,120
557,0.0,,,,45.0,123.96875,3.0,9.0,D#,270
567,0.0,,,,64.0,124.0,5.0,4.0,E,120
568,0.0,,,,59.0,124.0,4.0,11.0,F,330
569,0.0,,,,52.0,124.0,4.0,4.0,E,120
573,1.0,,,,64.0,124.75,5.0,4.0,E,120
574,1.0,,,,59.0,124.75,4.0,11.0,F,330
575,1.0,,,,52.0,124.75,4.0,4.0,E,120
588,0.0,,,,67.0,125.0,5.0,7.0,C#,210
589,0.0,,,,62.0,125.0,5.0,2.0,D,60
590,0.0,,,,55.0,125.0,4.0,7.0,C#,210
594,0.0,,,,64.0,125.375,5.0,4.0,E,120
595,0.0,,,,59.0,125.375,4.0,11.0,F,330
596,0.0,,,,52.0,125.375,4.0,4.0,E,120
600,0.0,,,,62.0,125.75,5.0,2.0,D,60
601,0.0,,,,57.0,125.75,4.0,9.0,D#,270
602,0.0,,,,50.0,125.75,4.0,2.0,D,60
606,0.0,,,,60.0,126.0,5.0,0.0,C,0
607,0.0,,,,55.0,126.0,4.0,7.0,C#,210
608,0.0,,,,48.0,126.0,4.0,0.0,C,0
612,0.0,,,,59.0,127.0,4.0,11.0,F,330
613,0.0,,,,54.0,127.0,4.0,6.0,F#,180
614,0.0,,,,47.0,127.0,3.0,11.0,F,330
615,0.0,,,,57.0,127.96875,4.0,9.0,D#,270
616,0.0,,,,52.0,127.96875,4.0,4.0,E,120
617,0.0,,,,45.0,127.96875,3.0,9.0,D#,270
624,0.0,,,,64.0,128.0,5.0,4.0,E,120
625,0.0,,,,59.0,128.0,4.0,11.0,F,330
626,0.0,,,,52.0,128.0,4.0,4.0,E,120
630,1.0,,,,64.0,128.75,5.0,4.0,E,120
631,1.0,,,,59.0,128.75,4.0,11.0,F,330
632,1.0,,,,52.0,128.75,4.0,4.0,E,120
645,0.0,,,,67.0,129.0,5.0,7.0,C#,210
646,0.0,,,,62.0,129.0,5.0,2.0,D,60
647,0.0,,,,55.0,129.0,4.0,7.0,C#,210
651,0.0,,,,64.0,129.375,5.0,4.0,E,120
652,0.0,,,,59.0,129.375,4.0,11.0,F,330
653,0.0,,,,52.0,129.375,4.0,4.0,E,120
657,0.0,,,,62.0,129.75,5.0,2.0,D,60
658,0.0,,,,57.0,129.75,4.0,9.0,D#,270
659,0.0,,,,50.0,129.75,4.0,2.0,D,60
663,0.0,,,,60.0,130.0,5.0,0.0,C,0
664,0.0,,,,55.0,130.0,4.0,7.0,C#,210
665,0.0,,,,48.0,130.0,4.0,0.0,C,0
669,0.0,,,,62.0,130.375,5.0,2.0,D,60
670,0.0,,,,57.0,130.375,4.0,9.0,D#,270
671,0.0,,,,50.0,130.375,4.0,2.0,D,60
675,0.0,,,,60.0,130.75,5.0,0.0,C,0
676,0.0,,,,55.0,130.75,4.0,7.0,C#,210
677,0.0,,,,48.0,130.75,4.0,0.0,C,0
681,0.0,,,,59.0,131.0,4.0,11.0,F,330
682,0.0,,,,54.0,131.0,4.0,6.0,F#,180
683,0.0,,,,47.0,131.0,3.0,11.0,F,330
684,0.0,,,,57.0,131.96875,4.0,9.0,D#,270
685,0.0,,,,52.0,131.96875,4.0,4.0,E,120
686,0.0,,,,45.0,131.96875,3.0,9.0,D#,270
693,0.0,,,,64.0,132.0,5.0,4.0,E,120
694,0.0,,,,59.0,132.0,4.0,11.0,F,330
695,0.0,,,,52.0,132.0,4.0,4.0,E,120
699,1.0,,,,64.0,132.75,5.0,4.0,E,120
700,1.0,,,,59.0,132.75,4.0,11.0,F,330
701,1.0,,,,52.0,132.75,4.0,4.0,E,120
714,0.0,,,,67.0,133.0,5.0,7.0,C#,210
715,0.0,,,,62.0,133.0,5.0,2.0,D,60
716,0.0,,,,55.0,133.0,4.0,7.0,C#,210
720,0.0,,,,64.0,133.375,5.0,4.0,E,120
721,0.0,,,,59.0,133.375,4.0,11.0,F,330
722,0.0,,,,52.0,133.375,4.0,4.0,E,120
726,0.0,,,,62.0,133.75,5.0,2.0,D,60
727,0.0,,,,57.0,133.75,4.0,9.0,D#,270
728,0.0,,,,50.0,133.75,4.0,2.0,D,60
732,0.0,,,,60.0,134.0,5.0,0.0,C,0
733,0.0,,,,55.0,134.0,4.0,7.0,C#,210
734,0.0,,,,48.0,134.0,4.0,0.0,C,0
738,0.0,,,,59.0,135.0,4.0,11.0,F,330
739,0.0,,,,54.0,135.0,4.0,6.0,F#,180
740,0.0,,,,47.0,135.0,3.0,11.0,F,330
741,0.0,,,,57.0,135.96875,4.0,9.0,D#,270
742,0.0,,,,52.0,135.96875,4.0,4.0,E,120
743,0.0,,,,45.0,135.96875,3.0,9.0,D#,270
750,0.0,,,,64.0,136.0,5.0,4.0,E,120
751,0.0,,,,59.0,136.0,4.0,11.0,F,330
752,0.0,,,,52.0,136.0,4.0,4.0,E,120
756,1.0,,,,64.0,136.75,5.0,4.0,E,120
757,1.0,,,,59.0,136.75,4.0,11.0,F,330
758,1.0,,,,52.0,136.75,4.0,4.0,E,120
771,0.0,,,,67.0,137.0,5.0,7.0,C#,210
772,0.0,,,,62.0,137.0,5.0,2.0,D,60
773,0.0,,,,55.0,137.0,4.0,7.0,C#,210
777,0.0,,,,64.0,137.375,5.0,4.0,E,120
778,0.0,,,,59.0,137.375,4.0,11.0,F,330
779,0.0,,,,52.0,137.375,4.0,4.0,E,120
783,0.0,,,,62.0,137.75,5.0,2.0,D,60
784,0.0,,,,57.0,137.75,4.0,9.0,D#,270
785,0.0,,,,50.0,137.75,4.0,2.0,D,60
789,0.0,,,,60.0,138.0,5.0,0.0,C,0
790,0.0,,,,55.0,138.0,4.0,7.0,C#,210
791,0.0,,,,48.0,138.0,4.0,0.0,C,0
795,0.0,,,,62.0,138.375,5.0,2.0,D,60
796,0.0,,,,57.0,138.375,4.0,9.0,D#,270
797,0.0,,,,50.0,138.375,4.0,2.0,D,60
801,0.0,,,,60.0,138.75,5.0,0.0,C,0
802,0.0,,,,55.0,138.75,4.0,7.0,C#,210
803,0.0,,,,48.0,138.75,4.0,0.0,C,0
807,0.0,,,,59.0,139.0,4.0,11.0,F,330
808,0.0,,,,54.0,139.0,4.0,6.0,F#,180
809,0.0,,,,47.0,139.0,3.0,11.0,F,330
810,0.0,,,,57.0,139.96875,4.0,9.0,D#,270
811,0.0,,,,52.0,139.96875,4.0,4.0,E,120
812,0.0,,,,45.0,139.96875,3.0,9.0,D#,270
819,0.0,,,,64.0,140.0,5.0,4.0,E,120
820,0.0,,,,59.0,140.0,4.0,11.0,F,330
821,0.0,,,,52.0,140.0,4.0,4.0,E,120
825,1.0,,,,64.0,140.75,5.0,4.0,E,120
826,1.0,,,,59.0,140.75,4.0,11.0,F,330
827,1.0,,,,52.0,140.75,4.0,4.0,E,120
840,0.0,,,,67.0,141.0,5.0,7.0,C#,210
841,0.0,,,,62.0,141.0,5.0,2.0,D,60
842,0.0,,,,55.0,141.0,4.0,7.0,C#,210
846,0.0,,,,64.0,141.375,5.0,4.0,E,120
847,0.0,,,,59.0,141.375,4.0,11.0,F,330
848,0.0,,,,52.0,141.375,4.0,4.0,E,120
852,0.0,,,,62.0,141.75,5.0,2.0,D,60
853,0.0,,,,57.0,141.75,4.0,9.0,D#,270
854,0.0,,,,50.0,141.75,4.0,2.0,D,60
858,0.0,,,,60.0,142.0,5.0,0.0,C,0
859,0.0,,,,55.0,142.0,4.0,7.0,C#,210
860,0.0,,,,48.0,142.0,4.0,0.0,C,0
864,0.0,,,,59.0,143.0,4.0,11.0,F,330
865,0.0,,,,54.0,143.0,4.0,6.0,F#,180
866,0.0,,,,47.0,143.0,3.0,11.0,F,330
867,0.0,,,,57.0,143.96875,4.0,9.0,D#,270
868,0.0,,,,52.0,143.96875,4.0,4.0,E,120
869,0.0,,,,45.0,143.96875,3.0,9.0,D#,270
876,0.0,,,,64.0,144.0,5.0,4.0,E,120
877,0.0,,,,59.0,144.0,4.0,11.0,F,330
878,0.0,,,,52.0,144.0,4.0,4.0,E,120
882,1.0,,,,64.0,144.75,5.0,4.0,E,120
883,1.0,,,,59.0,144.75,4.0,11.0,F,330
884,1.0,,,,52.0,144.75,4.0,4.0,E,120
897,0.0,,,,67.0,145.0,5.0,7.0,C#,210
898,0.0,,,,62.0,145.0,5.0,2.0,D,60
899,0.0,,,,55.0,145.0,4.0,7.0,C#,210
903,0.0,,,,64.0,145.375,5.0,4.0,E,120
904,0.0,,,,59.0,145.375,4.0,11.0,F,330
905,0.0,,,,52.0,145.375,4.0,4.0,E,120
909,0.0,,,,62.0,145.75,5.0,2.0,D,60
910,0.0,,,,57.0,145.75,4.0,9.0,D#,270
911,0.0,,,,50.0,145.75,4.0,2.0,D,60
915,0.0,,,,60.0,146.0,5.0,0.0,C,0
916,0.0,,,,55.0,146.0,4.0,7.0,C#,210
917,0.0,,,,48.0,146.0,4.0,0.0,C,0
921,0.0,,,,62.0,146.375,5.0,2.0,D,60
922,0.0,,,,57.0,146.375,4.0,9.0,D#,270
923,0.0,,,,50.0,146.375,4.0,2.0,D,60
927,0.0,,,,60.0,146.75,5.0,0.0,C,0
928,0.0,,,,55.0,146.75,4.0,7.0,C#,210
929,0.0,,,,48.0,146.75,4.0,0.0,C,0
933,0.0,,,,59.0,147.0,4.0,11.0,F,330
934,0.0,,,,54.0,147.0,4.0,6.0,F#,180
935,0.0,,,,47.0,147.0,3.0,11.0,F,330
936,0.0,,,,57.0,147.96875,4.0,9.0,D#,270
937,0.0,,,,52.0,147.96875,4.0,4.0,E,120
938,0.0,,,,45.0,147.96875,3.0,9.0,D#,270
945,0.0,,,,64.0,148.0,5.0,4.0,E,120
946,0.0,,,,59.0,148.0,4.0,11.0,F,330
947,0.0,,,,52.0,148.0,4.0,4.0,E,120
951,1.0,,,,64.0,148.75,5.0,4.0,E,120
952,1.0,,,,59.0,148.75,4.0,11.0,F,330
953,1.0,,,,52.0,148.75,4.0,4.0,E,120
966,0.0,,,,67.0,149.0,5.0,7.0,C#,210
967,0.0,,,,62.0,149.0,5.0,2.0,D,60
968,0.0,,,,55.0,149.0,4.0,7.0,C#,210
972,0.0,,,,64.0,149.375,5.0,4.0,E,120
973,0.0,,,,59.0,149.375,4.0,11.0,F,330
974,0.0,,,,52.0,149.375,4.0,4.0,E,120
978,0.0,,,,62.0,149.75,5.0,2.0,D,60
979,0.0,,,,57.0,149.75,4.0,9.0,D#,270
980,0.0,,,,50.0,149.75,4.0,2.0,D,60
984,0.0,,,,60.0,150.0,5.0,0.0,C,0
985,0.0,,,,55.0,150.0,4.0,7.0,C#,210
986,0.0,,,,48.0,150.0,4.0,0.0,C,0
990,0.0,,,,59.0,151.0,4.0,11.0,F,330
991,0.0,,,,54.0,151.0,4.0,6.0,F#,180
992,0.0,,,,47.0,151.0,3.0,11.0,F,330
993,0.0,,,,57.0,151.96875,4.0,9.0,D#,270
994,0.0,,,,52.0,151.96875,4.0,4.0,E,120
995,0.0,,,,45.0,151.96875,3.0,9.0,D#,270
1002,0.0,,,,64.0,152.0,5.0,4.0,E,120
1003,0.0,,,,59.0,152.0,4.0,11.0,F,330
1004,0.0,,,,52.0,152.0,4.0,4.0,E,120
1008,1.0,,,,64.0,152.75,5.0,4.0,E,120
1009,1.0,,,,59.0,152.75,4.0,11.0,F,330
1010,1.0,,,,52.0,152.75,4.0,4.0,E,120
1023,0.0,,,,67.0,153.0,5.0,7.0,C#,210
1024,0.0,,,,62.0,153.0,5.0,2.0,D,60
1025,0.0,,,,55.0,153.0,4.0,7.0,C#,210
1029,0.0,,,,64.0,153.375,5.0,4.0,E,120
1030,0.0,,,,59.0,153.375,4.0,11.0,F,330
1031,0.0,,,,52.0,153.375,4.0,4.0,E,120
1035,0.0,,,,62.0,153.75,5.0,2.0,D,60
1036,0.0,,,,57.0,153.75,4.0,9.0,D#,270
1037,0.0,,,,50.0,153.75,4.0,2.0,D,60
1041,0.0,,,,60.0,154.0,5.0,0.0,C,0
1042,0.0,,,,55.0,154.0,4.0,7.0,C#,210
1043,0.0,,,,48.0,154.0,4.0,0.0,C,0
1047,0.0,,,,62.0,154.375,5.0,2.0,D,60
1048,0.0,,,,57.0,154.375,4.0,9.0,D#,270
1049,0.0,,,,50.0,154.375,4.0,2.0,D,60
1053,0.0,,,,60.0,154.75,5.0,0.0,C,0
1054,0.0,,,,55.0,154.75,4.0,7.0,C#,210
1055,0.0,,,,48.0,154.75,4.0,0.0,C,0
1059,0.0,,,,59.0,155.0,4.0,11.0,F,330
1060,0.0,,,,54.0,155.0,4.0,6.0,F#,180
1061,0.0,,,,47.0,155.0,3.0,11.0,F,330
1065,0.0,,,,50.0,156.0,4.0,2.0,D,60
1066,0.0,,,,43.0,156.0,3.0,7.0,C#,210
1069,0.0,,,,50.0,156.25,4.0,2.0,D,60
1070,0.0,,,,43.0,156.25,3.0,7.0,C#,210
1073,0.0,,,,50.0,156.5,4.0,2.0,D,60
1074,0.0,,,,43.0,156.5,3.0,7.0,C#,210
1077,0.0,,,,50.0,156.75,4.0,2.0,D,60
1078,0.0,,,,43.0,156.75,3.0,7.0,C#,210
1081,0.0,,,,50.0,157.0,4.0,2.0,D,60
1082,0.0,,,,43.0,157.0,3.0,7.0,C#,210
1085,0.0,,,,50.0,157.25,4.0,2.0,D,60
1086,0.0,,,,43.0,157.25,3.0,7.0,C#,210
1089,0.0,,,,50.0,157.5,4.0,2.0,D,60
1090,0.0,,,,43.0,157.5,3.0,7.0,C#,210
1093,0.0,,,,50.0,157.75,4.0,2.0,D,60
1094,0.0,,,,43.0,157.75,3.0,7.0,C#,210
1097,0.0,,,,45.0,158.0,3.0,9.0,D#,270
1098,0.0,,,,40.0,158.0,3.0,4.0,E,120
1101,0.0,,,,45.0,158.25,3.0,9.0,D#,270
1102,0.0,,,,40.0,158.25,3.0,4.0,E,120
1105,0.0,,,,52.0,158.5,4.0,4.0,E,120
1106,0.0,,,,45.0,158.5,3.0,9.0,D#,270
1107,0.0,,,,40.0,158.5,3.0,4.0,E,120
1111,0.0,,,,52.0,158.75,4.0,4.0,E,120
1112,0.0,,,,45.0,158.75,3.0,9.0,D#,270
1113,0.0,,,,40.0,158.75,3.0,4.0,E,120
1117,0.0,,,,57.0,159.0,4.0,9.0,D#,270
1118,0.0,,,,52.0,159.0,4.0,4.0,E,120
1119,0.0,,,,45.0,159.0,3.0,9.0,D#,270
1120,0.0,,,,40.0,159.0,3.0,4.0,E,120
1125,0.0,,,,61.0,159.25,5.0,1.0,G,30
1126,0.0,,,,57.0,159.25,4.0,9.0,D#,270
1127,0.0,,,,52.0,159.25,4.0,4.0,E,120
1128,0.0,,,,45.0,159.25,3.0,9.0,D#,270
1129,0.0,,,,40.0,159.25,3.0,4.0,E,120
1135,0.0,,,,64.0,159.5,5.0,4.0,E,120
1136,0.0,,,,61.0,159.5,5.0,1.0,G,30
1137,0.0,,,,57.0,159.5,4.0,9.0,D#,270
1138,0.0,,,,52.0,159.5,4.0,4.0,E,120
1139,0.0,,,,45.0,159.5,3.0,9.0,D#,270
1140,0.0,,,,40.0,159.5,3.0,4.0,E,120
1147,0.0,,,,64.0,159.75,5.0,4.0,E,120
1148,0.0,,,,61.0,159.75,5.0,1.0,G,30
1149,0.0,,,,57.0,159.75,4.0,9.0,D#,270
1150,0.0,,,,52.0,159.75,4.0,4.0,E,120
1151,0.0,,,,45.0,159.75,3.0,9.0,D#,270
1152,0.0,,,,40.0,159.75,3.0,4.0,E,120
1159,0.0,,,,50.0,204.0,4.0,2.0,D,60
1160,0.0,,,,43.0,204.0,3.0,7.0,C#,210
1163,0.0,,,,50.0,204.25,4.0,2.0,D,60
1164,0.0,,,,43.0,204.25,3.0,7.0,C#,210
1167,0.0,,,,50.0,204.5,4.0,2.0,D,60
1168,0.0,,,,43.0,204.5,3.0,7.0,C#,210
1171,0.0,,,,50.0,204.75,4.0,2.0,D,60
1172,0.0,,,,43.0,204.75,3.0,7.0,C#,210
1175,0.0,,,,50.0,205.0,4.0,2.0,D,60
1176,0.0,,,,43.0,205.0,3.0,7.0,C#,210
1179,0.0,,,,50.0,205.25,4.0,2.0,D,60
1180,0.0,,,,43.0,205.25,3.0,7.0,C#,210
1183,0.0,,,,50.0,205.5,4.0,2.0,D,60
1184,0.0,,,,43.0,205.5,3.0,7.0,C#,210
1187,0.0,,,,50.0,205.75,4.0,2.0,D,60
1188,0.0,,,,43.0,205.75,3.0,7.0,C#,210
1191,0.0,,,,45.0,206.0,3.0,9.0,D#,270
1192,0.0,,,,40.0,206.0,3.0,4.0,E,120
1195,0.0,,,,45.0,206.25,3.0,9.0,D#,270
1196,0.0,,,,40.0,206.25,3.0,4.0,E,120
1199,0.0,,,,52.0,206.5,4.0,4.0,E,120
1200,0.0,,,,45.0,206.5,3.0,9.0,D#,270
1201,0.0,,,,40.0,206.5,3.0,4.0,E,120
1205,0.0,,,,52.0,206.75,4.0,4.0,E,120
1206,0.0,,,,45.0,206.75,3.0,9.0,D#,270
1207,0.0,,,,40.0,206.75,3.0,4.0,E,120
1211,0.0,,,,57.0,207.0,4.0,9.0,D#,270
1212,0.0,,,,52.0,207.0,4.0,4.0,E,120
1213,0.0,,,,45.0,207.0,3.0,9.0,D#,270
1214,0.0,,,,40.0,207.0,3.0,4.0,E,120
1219,0.0,,,,61.0,207.25,5.0,1.0,G,30
1220,0.0,,,,57.0,207.25,4.0,9.0,D#,270
1221,0.0,,,,52.0,207.25,4.0,4.0,E,120
1222,0.0,,,,45.0,207.25,3.0,9.0,D#,270
1223,0.0,,,,40.0,207.25,3.0,4.0,E,120
1229,0.0,,,,64.0,207.5,5.0,4.0,E,120
1230,0.0,,,,61.0,207.5,5.0,1.0,G,30
1231,0.0,,,,57.0,207.5,4.0,9.0,D#,270
1232,0.0,,,,52.0,207.5,4.0,4.0,E,120
1233,0.0,,,,45.0,207.5,3.0,9.0,D#,270
1234,0.0,,,,40.0,207.5,3.0,4.0,E,120
1241,0.0,,,,64.0,207.75,5.0,4.0,E,120
1242,0.0,,,,61.0,207.75,5.0,1.0,G,30
1243,0.0,,,,57.0,207.75,4.0,9.0,D#,270
1244,0.0,,,,52.0,207.75,4.0,4.0,E,120
1245,0.0,,,,45.0,207.75,3.0,9.0,D#,270
1246,0.0,,,,40.0,207.75,3.0,4.0,E,120
1247,0.0,,,,57.0,207.96875,4.0,9.0,D#,270
1248,0.0,,,,52.0,207.96875,4.0,4.0,E,120
1249,0.0,,,,45.0,207.96875,3.0,9.0,D#,270
1259,0.0,,,,64.0,208.0,5.0,4.0,E,120
1260,0.0,,,,59.0,208.0,4.0,11.0,F,330
1261,0.0,,,,52.0,208.0,4.0,4.0,E,120
1265,1.0,,,,64.0,208.75,5.0,4.0,E,120
1266,1.0,,,,59.0,208.75,4.0,11.0,F,330
1267,1.0,,,,52.0,208.75,4.0,4.0,E,120
1280,0.0,,,,67.0,209.0,5.0,7.0,C#,210
1281,0.0,,,,62.0,209.0,5.0,2.0,D,60
1282,0.0,,,,55.0,209.0,4.0,7.0,C#,210
1286,0.0,,,,64.0,209.375,5.0,4.0,E,120
1287,0.0,,,,59.0,209.375,4.0,11.0,F,330
1288,0.0,,,,52.0,209.375,4.0,4.0,E,120
1292,0.0,,,,62.0,209.75,5.0,2.0,D,60
1293,0.0,,,,57.0,209.75,4.0,9.0,D#,270
1294,0.0,,,,50.0,209.75,4.0,2.0,D,60
1298,0.0,,,,60.0,210.0,5.0,0.0,C,0
1299,0.0,,,,55.0,210.0,4.0,7.0,C#,210
1300,0.0,,,,48.0,210.0,4.0,0.0,C,0
1304,0.0,,,,59.0,211.0,4.0,11.0,F,330
1305,0.0,,,,54.0,211.0,4.0,6.0,F#,180
1306,0.0,,,,47.0,211.0,3.0,11.0,F,330
1307,0.0,,,,57.0,211.96875,4.0,9.0,D#,270
1308,0.0,,,,52.0,211.96875,4.0,4.0,E,120
1309,0.0,,,,45.0,211.96875,3.0,9.0,D#,270
1316,0.0,,,,64.0,212.0,5.0,4.0,E,120
1317,0.0,,,,59.0,212.0,4.0,11.0,F,330
1318,0.0,,,,52.0,212.0,4.0,4.0,E,120
1322,1.0,,,,64.0,212.75,5.0,4.0,E,120
1323,1.0,,,,59.0,212.75,4.0,11.0,F,330
1324,1.0,,,,52.0,212.75,4.0,4.0,E,120
1337,0.0,,,,67.0,213.0,5.0,7.0,C#,210
1338,0.0,,,,62.0,213.0,5.0,2.0,D,60
1339,0.0,,,,55.0,213.0,4.0,7.0,C#,210
1343,0.0,,,,64.0,213.375,5.0,4.0,E,120
1344,0.0,,,,59.0,213.375,4.0,11.0,F,330
1345,0.0,,,,52.0,213.375,4.0,4.0,E,120
1349,0.0,,,,62.0,213.75,5.0,2.0,D,60
1350,0.0,,,,57.0,213.75,4.0,9.0,D#,270
1351,0.0,,,,50.0,213.75,4.0,2.0,D,60
1355,0.0,,,,60.0,214.0,5.0,0.0,C,0
1356,0.0,,,,55.0,214.0,4.0,7.0,C#,210
1357,0.0,,,,48.0,214.0,4.0,0.0,C,0
1361,0.0,,,,62.0,214.375,5.0,2.0,D,60
1362,0.0,,,,57.0,214.375,4.0,9.0,D#,270
1363,0.0,,,,50.0,214.375,4.0,2.0,D,60
1367,0.0,,,,60.0,214.75,5.0,0.0,C,0
1368,0.0,,,,55.0,214.75,4.0,7.0,C#,210
1369,0.0,,,,48.0,214.75,4.0,0.0,C,0
1373,0.0,,,,59.0,215.0,4.0,11.0,F,330
1374,0.0,,,,54.0,215.0,4.0,6.0,F#,180
1375,0.0,,,,47.0,215.0,3.0,11.0,F,330
1376,0.0,,,,57.0,215.96875,4.0,9.0,D#,270
1377,0.0,,,,52.0,215.96875,4.0,4.0,E,120
1378,0.0,,,,45.0,215.96875,3.0,9.0,D#,270
1385,0.0,,,,64.0,216.0,5.0,4.0,E,120
1386,0.0,,,,59.0,216.0,4.0,11.0,F,330
1387,0.0,,,,52.0,216.0,4.0,4.0,E,120
1391,1.0,,,,64.0,216.75,5.0,4.0,E,120
1392,1.0,,,,59.0,216.75,4.0,11.0,F,330
1393,1.0,,,,52.0,216.75,4.0,4.0,E,120
1406,0.0,,,,67.0,217.0,5.0,7.0,C#,210
1407,0.0,,,,62.0,217.0,5.0,2.0,D,60
1408,0.0,,,,55.0,217.0,4.0,7.0,C#,210
1412,0.0,,,,64.0,217.375,5.0,4.0,E,120
1413,0.0,,,,59.0,217.375,4.0,11.0,F,330
1414,0.0,,,,52.0,217.375,4.0,4.0,E,120
1418,0.0,,,,62.0,217.75,5.0,2.0,D,60
1419,0.0,,,,57.0,217.75,4.0,9.0,D#,270
1420,0.0,,,,50.0,217.75,4.0,2.0,D,60
1424,0.0,,,,60.0,218.0,5.0,0.0,C,0
1425,0.0,,,,55.0,218.0,4.0,7.0,C#,210
1426,0.0,,,,48.0,218.0,4.0,0.0,C,0
1430,0.0,,,,59.0,219.0,4.0,11.0,F,330
1431,0.0,,,,54.0,219.0,4.0,6.0,F#,180
1432,0.0,,,,47.0,219.0,3.0,11.0,F,330
1433,0.0,,,,57.0,219.96875,4.0,9.0,D#,270
1434,0.0,,,,52.0,219.96875,4.0,4.0,E,120
1435,0.0,,,,45.0,219.96875,3.0,9.0,D#,270
1442,0.0,,,,64.0,220.0,5.0,4.0,E,120
1443,0.0,,,,59.0,220.0,4.0,11.0,F,330
1444,0.0,,,,52.0,220.0,4.0,4.0,E,120
1448,1.0,,,,64.0,220.75,5.0,4.0,E,120
1449,1.0,,,,59.0,220.75,4.0,11.0,F,330
1450,1.0,,,,52.0,220.75,4.0,4.0,E,120
1463,0.0,,,,67.0,221.0,5.0,7.0,C#,210
1464,0.0,,,,62.0,221.0,5.0,2.0,D,60
1465,0.0,,,,55.0,221.0,4.0,7.0,C#,210
1469,0.0,,,,64.0,221.375,5.0,4.0,E,120
1470,0.0,,,,59.0,221.375,4.0,11.0,F,330
1471,0.0,,,,52.0,221.375,4.0,4.0,E,120
1475,0.0,,,,62.0,221.75,5.0,2.0,D,60
1476,0.0,,,,57.0,221.75,4.0,9.0,D#,270
1477,0.0,,,,50.0,221.75,4.0,2.0,D,60
1481,0.0,,,,60.0,222.0,5.0,0.0,C,0
1482,0.0,,,,55.0,222.0,4.0,7.0,C#,210
1483,0.0,,,,48.0,222.0,4.0,0.0,C,0
1487,0.0,,,,62.0,222.375,5.0,2.0,D,60
1488,0.0,,,,57.0,222.375,4.0,9.0,D#,270
1489,0.0,,,,50.0,222.375,4.0,2.0,D,60
1493,0.0,,,,60.0,222.75,5.0,0.0,C,0
1494,0.0,,,,55.0,222.75,4.0,7.0,C#,210
1495,0.0,,,,48.0,222.75,4.0,0.0,C,0
1499,0.0,,,,59.0,223.0,4.0,11.0,F,330
1500,0.0,,,,54.0,223.0,4.0,6.0,F#,180
1501,0.0,,,,47.0,223.0,3.0,11.0,F,330
1505,0.0,,,,68.0,224.0,5.0,8.0,G#,240
1506,0.0,,,,64.0,224.0,5.0,4.0,E,120
1507,0.0,,,,59.0,224.0,4.0,11.0,F,330
1508,0.0,,,,52.0,224.0,4.0,4.0,E,120
1537,3.0,,,,64.0,350.0,5.0,4.0,E,120
1549,3.0,,,,64.0,350.75,5.0,4.0,E,120
1555,3.0,,,,64.0,351.0,5.0,4.0,E,120
1562,3.0,,,,64.0,351.375,5.0,4.0,E,120
1569,3.0,,,,64.0,351.75,5.0,4.0,E,120
1578,3.0,,,,67.0,352.0,5.0,7.0,C#,210
1601,3.0,,,,66.0,353.0,5.0,6.0,F#,180
1616,3.0,,,,64.0,354.0,5.0,4.0,E,120
1628,3.0,,,,64.0,354.75,5.0,4.0,E,120
1634,3.0,,,,67.0,355.0,5.0,7.0,C#,210
1641,3.0,,,,69.0,355.375,5.0,9.0,D#,270
1648,3.0,,,,67.0,355.75,5.0,7.0,C#,210
1654,3.0,,,,67.0,356.0,5.0,7.0,C#,210
1658,3.0,,,,67.0,356.25,5.0,7.0,C#,210
1664,3.0,,,,69.0,356.375,5.0,9.0,D#,270
1670,3.0,,,,67.0,356.75,5.0,7.0,C#,210
1674,3.0,,,,66.0,357.0,5.0,6.0,F#,180
1689,3.0,,,,64.0,358.0,5.0,4.0,E,120
1701,3.0,,,,64.0,358.75,5.0,4.0,E,120
1707,3.0,,,,64.0,359.0,5.0,4.0,E,120
1714,3.0,,,,64.0,359.375,5.0,4.0,E,120
1721,3.0,,,,64.0,359.75,5.0,4.0,E,120
1730,3.0,,,,67.0,360.0,5.0,7.0,C#,210
1753,3.0,,,,66.0,361.0,5.0,6.0,F#,180
1768,3.0,,,,64.0,362.0,5.0,4.0,E,120
1780,3.0,,,,64.0,362.75,5.0,4.0,E,120
1786,3.0,,,,67.0,363.0,5.0,7.0,C#,210
1793,3.0,,,,69.0,363.375,5.0,9.0,D#,270
1800,3.0,,,,67.0,363.75,5.0,7.0,C#,210
1806,3.0,,,,67.0,364.0,5.0,7.0,C#,210
1810,3.0,,,,67.0,364.25,5.0,7.0,C#,210
1816,3.0,,,,69.0,364.375,5.0,9.0,D#,270
1822,3.0,,,,67.0,364.75,5.0,7.0,C#,210
1826,3.0,,,,66.0,365.0,5.0,6.0,F#,180
1838,2.0,,,,75.0,365.96875,6.0,3.0,A,90
1843,3.0,,,,76.0,366.0,6.0,4.0,E,120
1855,3.0,,,,76.0,366.75,6.0,4.0,E,120
1858,2.0,,,,76.0,366.96875,6.0,4.0,E,120
1863,3.0,,,,79.0,367.0,6.0,7.0,C#,210
1870,3.0,,,,76.0,367.375,6.0,4.0,E,120
1877,3.0,,,,76.0,367.75,6.0,4.0,E,120
1883,3.0,,,,79.0,368.0,6.0,7.0,C#,210
1906,3.0,,,,78.0,369.0,6.0,6.0,F#,180
1918,2.0,,,,75.0,369.96875,6.0,3.0,A,90
1923,3.0,,,,76.0,370.0,6.0,4.0,E,120
1926,3.0,,,,76.0,370.75,6.0,4.0,E,120
1932,3.0,,,,79.0,371.0,6.0,7.0,C#,210
1939,3.0,,,,81.0,371.375,6.0,9.0,D#,270
1946,3.0,,,,79.0,371.75,6.0,7.0,C#,210
1952,3.0,,,,79.0,372.0,6.0,7.0,C#,210
1957,3.0,,,,79.0,372.25,6.0,7.0,C#,210
1963,3.0,,,,81.0,372.375,6.0,9.0,D#,270
1969,3.0,,,,79.0,372.75,6.0,7.0,C#,210
1973,3.0,,,,78.0,373.0,6.0,6.0,F#,180
1985,2.0,,,,75.0,373.96875,6.0,3.0,A,90
1990,3.0,,,,76.0,374.0,6.0,4.0,E,120
2002,3.0,,,,76.0,374.75,6.0,4.0,E,120
2005,2.0,,,,76.0,374.96875,6.0,4.0,E,120
2010,3.0,,,,78.0,375.0,6.0,6.0,F#,180
2017,3.0,,,,76.0,375.375,6.0,4.0,E,120
2024,3.0,,,,76.0,375.75,6.0,4.0,E,120
2030,3.0,,,,79.0,376.0,6.0,7.0,C#,210
2060,3.0,,,,79.0,377.0,6.0,7.0,C#,210
2072,2.0,,,,75.0,377.96875,6.0,3.0,A,90
2077,3.0,,,,76.0,378.0,6.0,4.0,E,120
2089,3.0,,,,76.0,378.75,6.0,4.0,E,120
2092,2.0,,,,76.0,378.96875,6.0,4.0,E,120
2097,3.0,,,,78.0,379.0,6.0,6.0,F#,180
2104,3.0,,,,76.0,379.375,6.0,4.0,E,120
2111,3.0,,,,76.0,379.75,6.0,4.0,E,120
2117,3.0,,,,78.0,380.0,6.0,6.0,F#,180
2124,3.0,,,,76.0,380.375,6.0,4.0,E,120
2131,3.0,,,,72.0,380.75,6.0,0.0,C,0
2137,3.0,,,,71.0,381.0,5.0,11.0,F,330
2152,2.0,,,,43.0,382.0,3.0,7.0,C#,210
2154,2.0,,,,43.0,382.25,3.0,7.0,C#,210
2156,2.0,,,,43.0,382.5,3.0,7.0,C#,210
2158,2.0,,,,43.0,382.75,3.0,7.0,C#,210
2160,2.0,,,,43.0,383.0,3.0,7.0,C#,210
2162,2.0,,,,43.0,383.25,3.0,7.0,C#,210
2164,2.0,,,,43.0,383.5,3.0,7.0,C#,210
2166,2.0,,,,43.0,383.75,3.0,7.0,C#,210
2168,2.0,,,,45.0,384.0,3.0,9.0,D#,270
2170,2.0,,,,45.0,384.25,3.0,9.0,D#,270
2172,2.0,,,,45.0,384.5,3.0,9.0,D#,270
2174,2.0,,,,45.0,384.75,3.0,9.0,D#,270
2176,2.0,,,,45.0,385.0,3.0,9.0,D#,270
2178,2.0,,,,45.0,385.25,3.0,9.0,D#,270
2180,2.0,,,,45.0,385.5,3.0,9.0,D#,270
2182,2.0,,,,45.0,385.75,3.0,9.0,D#,270
2184,2.0,,,,40.0,386.0,3.0,4.0,E,120
2186,2.0,,,,40.0,390.0,3.0,4.0,E,120
2212,4.0,,,,40.0,394.0,3.0,4.0,E,120
2214,4.0,,,,40.0,394.75,3.0,4.0,E,120
2216,4.0,,,,43.0,395.0,3.0,7.0,C#,210
2218,4.0,,,,40.0,395.375,3.0,4.0,E,120
2220,4.0,,,,38.0,395.75,3.0,2.0,D,60
2222,4.0,,,,36.0,396.0,3.0,0.0,C,0
2224,4.0,,,,35.0,397.0,2.0,11.0,F,330
2226,4.0,,,,40.0,398.0,3.0,4.0,E,120
2228,4.0,,,,40.0,398.75,3.0,4.0,E,120
2230,4.0,,,,43.0,399.0,3.0,7.0,C#,210
2232,4.0,,,,40.0,399.375,3.0,4.0,E,120
2234,4.0,,,,38.0,399.75,3.0,2.0,D,60
2236,4.0,,,,36.0,400.0,3.0,0.0,C,0
2238,4.0,,,,35.0,401.0,2.0,11.0,F,330
2240,4.0,,,,40.0,402.0,3.0,4.0,E,120
2242,4.0,,,,40.0,402.75,3.0,4.0,E,120
2244,4.0,,,,43.0,403.0,3.0,7.0,C#,210
2246,4.0,,,,40.0,403.375,3.0,4.0,E,120
2248,4.0,,,,38.0,403.75,3.0,2.0,D,60
2250,4.0,,,,36.0,404.0,3.0,0.0,C,0
2252,4.0,,,,35.0,405.0,2.0,11.0,F,330
2254,4.0,,,,40.0,406.0,3.0,4.0,E,120
2256,4.0,,,,40.0,406.75,3.0,4.0,E,120
2258,4.0,,,,43.0,407.0,3.0,7.0,C#,210
2260,4.0,,,,40.0,407.375,3.0,4.0,E,120
2262,4.0,,,,38.0,407.75,3.0,2.0,D,60
2264,4.0,,,,36.0,408.0,3.0,0.0,C,0
2266,4.0,,,,35.0,409.0,2.0,11.0,F,330
2268,4.0,,,,40.0,410.0,3.0,4.0,E,120
2270,4.0,,,,40.0,410.75,3.0,4.0,E,120
2272,4.0,,,,43.0,411.0,3.0,7.0,C#,210
2274,4.0,,,,40.0,411.375,3.0,4.0,E,120
2276,4.0,,,,38.0,411.75,3.0,2.0,D,60
2278,4.0,,,,36.0,412.0,3.0,0.0,C,0
2280,4.0,,,,35.0,413.0,2.0,11.0,F,330
2282,4.0,,,,40.0,414.0,3.0,4.0,E,120
2284,4.0,,,,40.0,414.75,3.0,4.0,E,120
2286,4.0,,,,43.0,415.0,3.0,7.0,C#,210
2288,4.0,,,,40.0,415.375,3.0,4.0,E,120
2290,4.0,,,,38.0,415.75,3.0,2.0,D,60
2292,4.0,,,,36.0,416.0,3.0,0.0,C,0
2294,4.0,,,,35.0,417.0,2.0,11.0,F,330
2296,4.0,,,,40.0,418.0,3.0,4.0,E,120
2298,4.0,,,,40.0,418.75,3.0,4.0,E,120
2300,4.0,,,,43.0,419.0,3.0,7.0,C#,210
2302,4.0,,,,40.0,419.375,3.0,4.0,E,120
2304,4.0,,,,38.0,419.75,3.0,2.0,D,60
2306,4.0,,,,36.0,420.0,3.0,0.0,C,0
2308,4.0,,,,35.0,421.0,2.0,11.0,F,330
2310,4.0,,,,40.0,422.0,3.0,4.0,E,120
2312,4.0,,,,40.0,422.75,3.0,4.0,E,120
2314,4.0,,,,43.0,423.0,3.0,7.0,C#,210
2316,4.0,,,,40.0,423.375,3.0,4.0,E,120
2318,4.0,,,,38.0,423.75,3.0,2.0,D,60
2320,4.0,,,,36.0,424.0,3.0,0.0,C,0
2322,4.0,,,,35.0,425.0,2.0,11.0,F,330
2324,4.0,,,,40.0,426.0,3.0,4.0,E,120
2326,4.0,,,,40.0,426.75,3.0,4.0,E,120
2328,4.0,,,,43.0,427.0,3.0,7.0,C#,210
2330,4.0,,,,40.0,427.375,3.0,4.0,E,120
2332,4.0,,,,38.0,427.75,3.0,2.0,D,60
2334,4.0,,,,36.0,428.0,3.0,0.0,C,0
2336,4.0,,,,35.0,429.0,2.0,11.0,F,330
2338,4.0,,,,40.0,430.0,3.0,4.0,E,120
2340,4.0,,,,40.0,430.75,3.0,4.0,E,120
2342,4.0,,,,43.0,431.0,3.0,7.0,C#,210
2344,4.0,,,,40.0,431.375,3.0,4.0,E,120
2346,4.0,,,,38.0,431.75,3.0,2.0,D,60
2348,4.0,,,,36.0,432.0,3.0,0.0,C,0
2350,4.0,,,,35.0,433.0,2.0,11.0,F,330
2352,4.0,,,,40.0,434.0,3.0,4.0,E,120
2354,4.0,,,,40.0,434.75,3.0,4.0,E,120
2356,4.0,,,,43.0,435.0,3.0,7.0,C#,210
2358,4.0,,,,40.0,435.375,3.0,4.0,E,120
2360,4.0,,,,38.0,435.75,3.0,2.0,D,60
2362,4.0,,,,36.0,436.0,3.0,0.0,C,0
2364,4.0,,,,35.0,437.0,2.0,11.0,F,330
2366,4.0,,,,40.0,438.0,3.0,4.0,E,120
2368,4.0,,,,40.0,438.75,3.0,4.0,E,120
2370,4.0,,,,43.0,439.0,3.0,7.0,C#,210
2372,4.0,,,,40.0,439.375,3.0,4.0,E,120
2374,4.0,,,,38.0,439.75,3.0,2.0,D,60
2376,4.0,,,,36.0,440.0,3.0,0.0,C,0
2378,4.0,,,,35.0,441.0,2.0,11.0,F,330
2380,4.0,,,,31.0,442.0,2.0,7.0,C#,210
2382,4.0,,,,31.0,442.25,2.0,7.0,C#,210
2384,4.0,,,,31.0,442.5,2.0,7.0,C#,210
2386,4.0,,,,31.0,442.75,2.0,7.0,C#,210
2388,4.0,,,,31.0,443.0,2.0,7.0,C#,210
2390,4.0,,,,31.0,443.25,2.0,7.0,C#,210
2392,4.0,,,,31.0,443.5,2.0,7.0,C#,210
2394,4.0,,,,31.0,443.75,2.0,7.0,C#,210
2396,4.0,,,,33.0,444.0,2.0,9.0,D#,270
2398,4.0,,,,33.0,444.25,2.0,9.0,D#,270
2400,4.0,,,,33.0,444.5,2.0,9.0,D#,270
2402,4.0,,,,33.0,444.75,2.0,9.0,D#,270
2404,4.0,,,,33.0,445.0,2.0,9.0,D#,270
2406,4.0,,,,33.0,445.25,2.0,9.0,D#,270
2408,4.0,,,,33.0,445.5,2.0,9.0,D#,270
2410,4.0,,,,33.0,445.75,2.0,9.0,D#,270
2412,4.0,,,,40.0,446.0,3.0,4.0,E,120
2414,4.0,,,,40.0,446.75,3.0,4.0,E,120
2416,4.0,,,,43.0,447.0,3.0,7.0,C#,210
2418,4.0,,,,40.0,447.375,3.0,4.0,E,120
2420,4.0,,,,38.0,447.75,3.0,2.0,D,60
2422,4.0,,,,36.0,448.0,3.0,0.0,C,0
2424,4.0,,,,35.0,449.0,2.0,11.0,F,330
2426,4.0,,,,40.0,450.0,3.0,4.0,E,120
2428,4.0,,,,40.0,450.75,3.0,4.0,E,120
2430,4.0,,,,43.0,451.0,3.0,7.0,C#,210
2432,4.0,,,,40.0,451.375,3.0,4.0,E,120
2434,4.0,,,,38.0,451.75,3.0,2.0,D,60
2436,4.0,,,,36.0,452.0,3.0,0.0,C,0
2438,4.0,,,,38.0,452.375,3.0,2.0,D,60
2440,4.0,,,,36.0,452.75,3.0,0.0,C,0
2442,4.0,,,,35.0,453.0,2.0,11.0,F,330
2444,4.0,,,,40.0,454.0,3.0,4.0,E,120
2446,4.0,,,,40.0,454.75,3.0,4.0,E,120
2448,4.0,,,,43.0,455.0,3.0,7.0,C#,210
2450,4.0,,,,40.0,455.375,3.0,4.0,E,120
2452,4.0,,,,38.0,455.75,3.0,2.0,D,60
2454,4.0,,,,36.0,456.0,3.0,0.0,C,0
2456,4.0,,,,35.0,457.0,2.0,11.0,F,330
2458,4.0,,,,40.0,458.0,3.0,4.0,E,120
2460,4.0,,,,40.0,458.75,3.0,4.0,E,120
2462,4.0,,,,43.0,459.0,3.0,7.0,C#,210
2464,4.0,,,,40.0,459.375,3.0,4.0,E,120
2466,4.0,,,,38.0,459.75,3.0,2.0,D,60
2468,4.0,,,,36.0,460.0,3.0,0.0,C,0
2470,4.0,,,,38.0,460.375,3.0,2.0,D,60
2472,4.0,,,,36.0,460.75,3.0,0.0,C,0
2474,4.0,,,,35.0,461.0,2.0,11.0,F,330
2476,4.0,,,,31.0,462.0,2.0,7.0,C#,210
2478,4.0,,,,31.0,462.25,2.0,7.0,C#,210
2480,4.0,,,,31.0,462.5,2.0,7.0,C#,210
2482,4.0,,,,31.0,462.75,2.0,7.0,C#,210
2484,4.0,,,,31.0,463.0,2.0,7.0,C#,210
2486,4.0,,,,31.0,463.25,2.0,7.0,C#,210
2488,4.0,,,,31.0,463.5,2.0,7.0,C#,210
2490,4.0,,,,31.0,463.75,2.0,7.0,C#,210
2492,4.0,,,,33.0,464.0,2.0,9.0,D#,270
2494,4.0,,,,33.0,464.25,2.0,9.0,D#,270
2496,4.0,,,,33.0,464.5,2.0,9.0,D#,270
2498,4.0,,,,33.0,464.75,2.0,9.0,D#,270
2500,4.0,,,,33.0,465.0,2.0,9.0,D#,270
2502,4.0,,,,33.0,465.25,2.0,9.0,D#,270
2504,4.0,,,,33.0,465.5,2.0,9.0,D#,270
2506,4.0,,,,33.0,465.75,2.0,9.0,D#,270
2508,4.0,,,,40.0,466.0,3.0,4.0,E,120
2510,4.0,,,,40.0,466.75,3.0,4.0,E,120
2512,4.0,,,,43.0,467.0,3.0,7.0,C#,210
2514,4.0,,,,40.0,467.375,3.0,4.0,E,120
2516,4.0,,,,38.0,467.75,3.0,2.0,D,60
2518,4.0,,,,36.0,468.0,3.0,0.0,C,0
2520,4.0,,,,35.0,469.0,2.0,11.0,F,330
2522,4.0,,,,40.0,470.0,3.0,4.0,E,120
2524,4.0,,,,40.0,470.75,3.0,4.0,E,120
2526,4.0,,,,43.0,471.0,3.0,7.0,C#,210
2528,4.0,,,,40.0,471.375,3.0,4.0,E,120
2530,4.0,,,,38.0,471.75,3.0,2.0,D,60
2532,4.0,,,,36.0,472.0,3.0,0.0,C,0
2534,4.0,,,,35.0,473.0,2.0,11.0,F,330
2536,4.0,,,,40.0,474.0,3.0,4.0,E,120
2538,4.0,,,,40.0,474.75,3.0,4.0,E,120
2540,4.0,,,,43.0,475.0,3.0,7.0,C#,210
2542,4.0,,,,40.0,475.375,3.0,4.0,E,120
2544,4.0,,,,38.0,475.75,3.0,2.0,D,60
2546,4.0,,,,36.0,476.0,3.0,0.0,C,0
2548,4.0,,,,35.0,477.0,2.0,11.0,F,330
2550,4.0,,,,40.0,478.0,3.0,4.0,E,120
2552,4.0,,,,40.0,478.75,3.0,4.0,E,120
2554,4.0,,,,43.0,479.0,3.0,7.0,C#,210
2556,4.0,,,,40.0,479.375,3.0,4.0,E,120
2558,4.0,,,,38.0,479.75,3.0,2.0,D,60
2560,4.0,,,,36.0,480.0,3.0,0.0,C,0
2562,4.0,,,,35.0,481.0,2.0,11.0,F,330
2564,4.0,,,,40.0,482.0,3.0,4.0,E,120
2566,4.0,,,,40.0,482.75,3.0,4.0,E,120
2568,4.0,,,,43.0,483.0,3.0,7.0,C#,210
2570,4.0,,,,40.0,483.375,3.0,4.0,E,120
2572,4.0,,,,38.0,483.75,3.0,2.0,D,60
2574,4.0,,,,36.0,484.0,3.0,0.0,C,0
2576,4.0,,,,35.0,485.0,2.0,11.0,F,330
2578,4.0,,,,40.0,486.0,3.0,4.0,E,120
2580,4.0,,,,40.0,486.75,3.0,4.0,E,120
2582,4.0,,,,43.0,487.0,3.0,7.0,C#,210
2584,4.0,,,,40.0,487.375,3.0,4.0,E,120
2586,4.0,,,,38.0,487.75,3.0,2.0,D,60
2588,4.0,,,,36.0,488.0,3.0,0.0,C,0
2590,4.0,,,,35.0,489.0,2.0,11.0,F,330
2592,4.0,,,,40.0,490.0,3.0,4.0,E,120
2594,4.0,,,,40.0,490.75,3.0,4.0,E,120
2596,4.0,,,,43.0,491.0,3.0,7.0,C#,210
2598,4.0,,,,40.0,491.375,3.0,4.0,E,120
2600,4.0,,,,38.0,491.75,3.0,2.0,D,60
2602,4.0,,,,36.0,492.0,3.0,0.0,C,0
2604,4.0,,,,35.0,493.0,2.0,11.0,F,330
2606,4.0,,,,40.0,494.0,3.0,4.0,E,120
2608,4.0,,,,40.0,494.75,3.0,4.0,E,120
2610,4.0,,,,43.0,495.0,3.0,7.0,C#,210
2612,4.0,,,,40.0,495.375,3.0,4.0,E,120
2614,4.0,,,,38.0,495.75,3.0,2.0,D,60
2616,4.0,,,,36.0,496.0,3.0,0.0,C,0
2618,4.0,,,,35.0,497.0,2.0,11.0,F,330
2620,4.0,,,,40.0,498.0,3.0,4.0,E,120
2622,4.0,,,,40.0,498.75,3.0,4.0,E,120
2624,4.0,,,,43.0,499.0,3.0,7.0,C#,210
2626,4.0,,,,40.0,499.375,3.0,4.0,E,120
2628,4.0,,,,38.0,499.75,3.0,2.0,D,60
2630,4.0,,,,36.0,500.0,3.0,0.0,C,0
2632,4.0,,,,35.0,501.0,2.0,11.0,F,330
2634,4.0,,,,40.0,502.0,3.0,4.0,E,120
2636,4.0,,,,40.0,502.75,3.0,4.0,E,120
2638,4.0,,,,43.0,503.0,3.0,7.0,C#,210
2640,4.0,,,,40.0,503.375,3.0,4.0,E,120
2642,4.0,,,,38.0,503.75,3.0,2.0,D,60
2644,4.0,,,,36.0,504.0,3.0,0.0,C,0
2646,4.0,,,,35.0,505.0,2.0,11.0,F,330
2648,4.0,,,,40.0,506.0,3.0,4.0,E,120
2650,4.0,,,,40.0,506.75,3.0,4.0,E,120
2652,4.0,,,,43.0,507.0,3.0,7.0,C#,210
2654,4.0,,,,40.0,507.375,3.0,4.0,E,120
2656,4.0,,,,38.0,507.75,3.0,2.0,D,60
2658,4.0,,,,36.0,508.0,3.0,0.0,C,0
2660,4.0,,,,35.0,509.0,2.0,11.0,F,330
2662,4.0,,,,40.0,510.0,3.0,4.0,E,120
2664,4.0,,,,40.0,510.75,3.0,4.0,E,120
2666,4.0,,,,43.0,511.0,3.0,7.0,C#,210
2668,4.0,,,,40.0,511.375,3.0,4.0,E,120
2670,4.0,,,,38.0,511.75,3.0,2.0,D,60
2672,4.0,,,,36.0,512.0,3.0,0.0,C,0
2674,4.0,,,,35.0,513.0,2.0,11.0,F,330
2676,4.0,,,,31.0,514.0,2.0,7.0,C#,210
2678,4.0,,,,31.0,514.25,2.0,7.0,C#,210
2680,4.0,,,,31.0,514.5,2.0,7.0,C#,210
2682,4.0,,,,31.0,514.75,2.0,7.0,C#,210
2684,4.0,,,,31.0,515.0,2.0,7.0,C#,210
2686,4.0,,,,31.0,515.25,2.0,7.0,C#,210
2688,4.0,,,,31.0,515.5,2.0,7.0,C#,210
2690,4.0,,,,31.0,515.75,2.0,7.0,C#,210
2692,4.0,,,,33.0,516.0,2.0,9.0,D#,270
2694,4.0,,,,33.0,516.25,2.0,9.0,D#,270
2696,4.0,,,,33.0,516.5,2.0,9.0,D#,270
2698,4.0,,,,33.0,516.75,2.0,9.0,D#,270
2700,4.0,,,,33.0,517.0,2.0,9.0,D#,270
2702,4.0,,,,33.0,517.25,2.0,9.0,D#,270
2704,4.0,,,,33.0,517.5,2.0,9.0,D#,270
2706,4.0,,,,33.0,517.75,2.0,9.0,D#,270
2708,4.0,,,,40.0,518.0,3.0,4.0,E,120
2710,4.0,,,,40.0,518.75,3.0,4.0,E,120
2712,4.0,,,,43.0,519.0,3.0,7.0,C#,210
2714,4.0,,,,40.0,519.375,3.0,4.0,E,120
2716,4.0,,,,38.0,519.75,3.0,2.0,D,60
2718,4.0,,,,36.0,520.0,3.0,0.0,C,0
2720,4.0,,,,35.0,521.0,2.0,11.0,F,330
2722,4.0,,,,40.0,522.0,3.0,4.0,E,120
2724,4.0,,,,40.0,522.75,3.0,4.0,E,120
2726,4.0,,,,43.0,523.0,3.0,7.0,C#,210
2728,4.0,,,,40.0,523.375,3.0,4.0,E,120
2730,4.0,,,,38.0,523.75,3.0,2.0,D,60
2732,4.0,,,,36.0,524.0,3.0,0.0,C,0
2734,4.0,,,,38.0,524.375,3.0,2.0,D,60
2736,4.0,,,,36.0,524.75,3.0,0.0,C,0
2738,4.0,,,,35.0,525.0,2.0,11.0,F,330
2740,4.0,,,,40.0,526.0,3.0,4.0,E,120
2742,4.0,,,,40.0,526.75,3.0,4.0,E,120
2744,4.0,,,,43.0,527.0,3.0,7.0,C#,210
2746,4.0,,,,40.0,527.375,3.0,4.0,E,120
2748,4.0,,,,38.0,527.75,3.0,2.0,D,60
2750,4.0,,,,36.0,528.0,3.0,0.0,C,0
2752,4.0,,,,35.0,529.0,2.0,11.0,F,330
2754,4.0,,,,40.0,530.0,3.0,4.0,E,120
2756,4.0,,,,40.0,530.75,3.0,4.0,E,120
2758,4.0,,,,43.0,531.0,3.0,7.0,C#,210
2760,4.0,,,,40.0,531.375,3.0,4.0,E,120
2762,4.0,,,,38.0,531.75,3.0,2.0,D,60
2764,4.0,,,,36.0,532.0,3.0,0.0,C,0
2766,4.0,,,,38.0,532.375,3.0,2.0,D,60
2768,4.0,,,,36.0,532.75,3.0,0.0,C,0
2770,4.0,,,,35.0,533.0,2.0,11.0,F,330
2772,4.0,,,,40.0,534.0,3.0,4.0,E,120
2774,4.0,,,,40.0,534.75,3.0,4.0,E,120
2776,4.0,,,,43.0,535.0,3.0,7.0,C#,210
2778,4.0,,,,40.0,535.375,3.0,4.0,E,120
2780,4.0,,,,38.0,535.75,3.0,2.0,D,60
2782,4.0,,,,36.0,536.0,3.0,0.0,C,0
2784,4.0,,,,35.0,537.0,2.0,11.0,F,330
2786,4.0,,,,40.0,538.0,3.0,4.0,E,120
2788,4.0,,,,40.0,538.75,3.0,4.0,E,120
2790,4.0,,,,43.0,539.0,3.0,7.0,C#,210
2792,4.0,,,,40.0,539.375,3.0,4.0,E,120
2794,4.0,,,,38.0,539.75,3.0,2.0,D,60
2796,4.0,,,,36.0,540.0,3.0,0.0,C,0
2798,4.0,,,,38.0,540.375,3.0,2.0,D,60
2800,4.0,,,,36.0,540.75,3.0,0.0,C,0
2802,4.0,,,,35.0,541.0,2.0,11.0,F,330
2804,4.0,,,,40.0,542.0,3.0,4.0,E,120
2806,4.0,,,,40.0,542.75,3.0,4.0,E,120
2808,4.0,,,,43.0,543.0,3.0,7.0,C#,210
2810,4.0,,,,40.0,543.375,3.0,4.0,E,120
2812,4.0,,,,38.0,543.75,3.0,2.0,D,60
2814,4.0,,,,36.0,544.0,3.0,0.0,C,0
2816,4.0,,,,35.0,545.0,2.0,11.0,F,330
2818,4.0,,,,40.0,546.0,3.0,4.0,E,120
2820,4.0,,,,40.0,546.75,3.0,4.0,E,120
2822,4.0,,,,43.0,547.0,3.0,7.0,C#,210
2824,4.0,,,,40.0,547.375,3.0,4.0,E,120
2826,4.0,,,,38.0,547.75,3.0,2.0,D,60
2828,4.0,,,,36.0,548.0,3.0,0.0,C,0
2830,4.0,,,,38.0,548.375,3.0,2.0,D,60
2832,4.0,,,,36.0,548.75,3.0,0.0,C,0
2834,4.0,,,,35.0,549.0,2.0,11.0,F,330
2836,4.0,,,,31.0,550.0,2.0,7.0,C#,210
2838,4.0,,,,31.0,550.25,2.0,7.0,C#,210
2840,4.0,,,,31.0,550.5,2.0,7.0,C#,210
2842,4.0,,,,31.0,550.75,2.0,7.0,C#,210
2844,4.0,,,,31.0,551.0,2.0,7.0,C#,210
2846,4.0,,,,31.0,551.25,2.0,7.0,C#,210
2848,4.0,,,,31.0,551.5,2.0,7.0,C#,210
2850,4.0,,,,31.0,551.75,2.0,7.0,C#,210
2852,4.0,,,,33.0,552.0,2.0,9.0,D#,270
2854,4.0,,,,33.0,552.25,2.0,9.0,D#,270
2856,4.0,,,,33.0,552.5,2.0,9.0,D#,270
2858,4.0,,,,33.0,552.75,2.0,9.0,D#,270
2860,4.0,,,,33.0,553.0,2.0,9.0,D#,270
2862,4.0,,,,33.0,553.25,2.0,9.0,D#,270
2864,4.0,,,,33.0,553.5,2.0,9.0,D#,270
2866,4.0,,,,33.0,553.75,2.0,9.0,D#,270
2868,4.0,,,,40.0,554.0,3.0,4.0,E,120
2870,4.0,,,,40.0,554.75,3.0,4.0,E,120
2872,4.0,,,,43.0,555.0,3.0,7.0,C#,210
2874,4.0,,,,40.0,555.375,3.0,4.0,E,120
2876,4.0,,,,38.0,555.75,3.0,2.0,D,60
2878,4.0,,,,36.0,556.0,3.0,0.0,C,0
2880,4.0,,,,35.0,557.0,2.0,11.0,F,330
2882,4.0,,,,40.0,558.0,3.0,4.0,E,120
2884,4.0,,,,40.0,558.75,3.0,4.0,E,120
2886,4.0,,,,43.0,559.0,3.0,7.0,C#,210
2888,4.0,,,,40.0,559.375,3.0,4.0,E,120
2890,4.0,,,,38.0,559.75,3.0,2.0,D,60
2892,4.0,,,,36.0,560.0,3.0,0.0,C,0
2894,4.0,,,,35.0,561.0,2.0,11.0,F,330
2896,4.0,,,,40.0,562.0,3.0,4.0,E,120
2898,4.0,,,,40.0,562.75,3.0,4.0,E,120
2900,4.0,,,,43.0,563.0,3.0,7.0,C#,210
2902,4.0,,,,40.0,563.375,3.0,4.0,E,120
2904,4.0,,,,38.0,563.75,3.0,2.0,D,60
2906,4.0,,,,36.0,564.0,3.0,0.0,C,0
2908,4.0,,,,35.0,565.0,2.0,11.0,F,330
2910,4.0,,,,40.0,566.0,3.0,4.0,E,120
2912,4.0,,,,40.0,566.75,3.0,4.0,E,120
2914,4.0,,,,43.0,567.0,3.0,7.0,C#,210
2916,4.0,,,,40.0,567.375,3.0,4.0,E,120
2918,4.0,,,,38.0,567.75,3.0,2.0,D,60
2920,4.0,,,,36.0,568.0,3.0,0.0,C,0
2922,4.0,,,,35.0,569.0,2.0,11.0,F,330
2924,4.0,,,,40.0,570.0,3.0,4.0,E,120
2926,4.0,,,,40.0,570.75,3.0,4.0,E,120
2928,4.0,,,,43.0,571.0,3.0,7.0,C#,210
2930,4.0,,,,40.0,571.375,3.0,4.0,E,120
2932,4.0,,,,38.0,571.75,3.0,2.0,D,60
2934,4.0,,,,36.0,572.0,3.0,0.0,C,0
2936,4.0,,,,35.0,573.0,2.0,11.0,F,330
2938,4.0,,,,40.0,574.0,3.0,4.0,E,120
2940,4.0,,,,40.0,574.75,3.0,4.0,E,120
2942,4.0,,,,43.0,575.0,3.0,7.0,C#,210
2944,4.0,,,,40.0,575.375,3.0,4.0,E,120
2946,4.0,,,,38.0,575.75,3.0,2.0,D,60
2948,4.0,,,,36.0,576.0,3.0,0.0,C,0
2950,4.0,,,,35.0,577.0,2.0,11.0,F,330
2952,4.0,,,,40.0,578.0,3.0,4.0,E,120
2954,4.0,,,,40.0,578.75,3.0,4.0,E,120
2956,4.0,,,,43.0,579.0,3.0,7.0,C#,210
2958,4.0,,,,40.0,579.375,3.0,4.0,E,120
2960,4.0,,,,38.0,579.75,3.0,2.0,D,60
2962,4.0,,,,36.0,580.0,3.0,0.0,C,0
2964,4.0,,,,35.0,581.0,2.0,11.0,F,330
2966,4.0,,,,40.0,582.0,3.0,4.0,E,120
2968,4.0,,,,40.0,582.75,3.0,4.0,E,120
2970,4.0,,,,43.0,583.0,3.0,7.0,C#,210
2972,4.0,,,,40.0,583.375,3.0,4.0,E,120
2974,4.0,,,,38.0,583.75,3.0,2.0,D,60
2976,4.0,,,,36.0,584.0,3.0,0.0,C,0
2978,4.0,,,,35.0,585.0,2.0,11.0,F,330
2980,4.0,,,,40.0,586.0,3.0,4.0,E,120
2982,4.0,,,,40.0,586.75,3.0,4.0,E,120
2984,4.0,,,,43.0,587.0,3.0,7.0,C#,210
2986,4.0,,,,40.0,587.375,3.0,4.0,E,120
2988,4.0,,,,38.0,587.75,3.0,2.0,D,60
2990,4.0,,,,36.0,588.0,3.0,0.0,C,0
2992,4.0,,,,35.0,589.0,2.0,11.0,F,330
2994,4.0,,,,40.0,590.0,3.0,4.0,E,120
2996,4.0,,,,40.0,590.75,3.0,4.0,E,120
2998,4.0,,,,43.0,591.0,3.0,7.0,C#,210
3000,4.0,,,,40.0,591.375,3.0,4.0,E,120
3002,4.0,,,,38.0,591.75,3.0,2.0,D,60
3004,4.0,,,,36.0,592.0,3.0,0.0,C,0
3006,4.0,,,,35.0,593.0,2.0,11.0,F,330
3008,4.0,,,,40.0,594.0,3.0,4.0,E,120
3010,4.0,,,,40.0,594.75,3.0,4.0,E,120
3012,4.0,,,,43.0,595.0,3.0,7.0,C#,210
3014,4.0,,,,40.0,595.375,3.0,4.0,E,120
3016,4.0,,,,38.0,595.75,3.0,2.0,D,60
3018,4.0,,,,36.0,596.0,3.0,0.0,C,0
3020,4.0,,,,35.0,597.0,2.0,11.0,F,330
3022,4.0,,,,31.0,598.0,2.0,7.0,C#,210
3024,4.0,,,,31.0,598.25,2.0,7.0,C#,210
3026,4.0,,,,31.0,598.5,2.0,7.0,C#,210
3028,4.0,,,,31.0,598.75,2.0,7.0,C#,210
3030,4.0,,,,31.0,599.0,2.0,7.0,C#,210
3032,4.0,,,,31.0,599.25,2.0,7.0,C#,210
3034,4.0,,,,31.0,599.5,2.0,7.0,C#,210
3036,4.0,,,,31.0,599.75,2.0,7.0,C#,210
3038,4.0,,,,33.0,600.0,2.0,9.0,D#,270
3040,4.0,,,,33.0,600.25,2.0,9.0,D#,270
3042,4.0,,,,33.0,600.5,2.0,9.0,D#,270
3044,4.0,,,,33.0,600.75,2.0,9.0,D#,270
3046,4.0,,,,33.0,601.0,2.0,9.0,D#,270
3048,4.0,,,,33.0,601.25,2.0,9.0,D#,270
3050,4.0,,,,33.0,601.5,2.0,9.0,D#,270
3052,4.0,,,,33.0,601.75,2.0,9.0,D#,270
3054,4.0,,,,40.0,602.0,3.0,4.0,E,120
3056,4.0,,,,40.0,602.75,3.0,4.0,E,120
3058,4.0,,,,43.0,603.0,3.0,7.0,C#,210
3060,4.0,,,,40.0,603.375,3.0,4.0,E,120
3062,4.0,,,,38.0,603.75,3.0,2.0,D,60
3064,4.0,,,,36.0,604.0,3.0,0.0,C,0
3066,4.0,,,,35.0,605.0,2.0,11.0,F,330
3068,4.0,,,,40.0,606.0,3.0,4.0,E,120
3070,4.0,,,,40.0,606.75,3.0,4.0,E,120
3072,4.0,,,,43.0,607.0,3.0,7.0,C#,210
3074,4.0,,,,40.0,607.375,3.0,4.0,E,120
3076,4.0,,,,38.0,607.75,3.0,2.0,D,60
3078,4.0,,,,36.0,608.0,3.0,0.0,C,0
3080,4.0,,,,38.0,608.375,3.0,2.0,D,60
3082,4.0,,,,36.0,608.75,3.0,0.0,C,0
3084,4.0,,,,35.0,609.0,2.0,11.0,F,330
3086,4.0,,,,40.0,610.0,3.0,4.0,E,120
3088,4.0,,,,40.0,610.75,3.0,4.0,E,120
3090,4.0,,,,43.0,611.0,3.0,7.0,C#,210
3092,4.0,,,,40.0,611.375,3.0,4.0,E,120
3094,4.0,,,,38.0,611.75,3.0,2.0,D,60
3096,4.0,,,,36.0,612.0,3.0,0.0,C,0
3098,4.0,,,,35.0,613.0,2.0,11.0,F,330
3100,4.0,,,,40.0,614.0,3.0,4.0,E,120
3102,4.0,,,,40.0,614.75,3.0,4.0,E,120
3104,4.0,,,,43.0,615.0,3.0,7.0,C#,210
3106,4.0,,,,40.0,615.375,3.0,4.0,E,120
3108,4.0,,,,38.0,615.75,3.0,2.0,D,60
3110,4.0,,,,36.0,616.0,3.0,0.0,C,0
3112,4.0,,,,38.0,616.375,3.0,2.0,D,60
3114,4.0,,,,36.0,616.75,3.0,0.0,C,0
3116,4.0,,,,35.0,617.0,2.0,11.0,F,330
3118,4.0,,,,40.0,618.0,3.0,4.0,E,120
3133,9.0,,,,44.0,628.0,3.0,8.0,G#,240
3134,9.0,,,,41.0,628.0,3.0,5.0,B,150
3135,9.0,,,,36.0,628.0,3.0,0.0,C,0
3139,9.0,,,,44.0,628.5,3.0,8.0,G#,240
3140,9.0,,,,41.0,628.5,3.0,5.0,B,150
3141,9.0,,,,36.0,628.5,3.0,0.0,C,0
3145,9.0,,,,44.0,629.0,3.0,8.0,G#,240
3146,9.0,,,,41.0,629.0,3.0,5.0,B,150
3147,9.0,,,,36.0,629.0,3.0,0.0,C,0
3151,9.0,,,,44.0,629.5,3.0,8.0,G#,240
3152,9.0,,,,41.0,629.5,3.0,5.0,B,150
3153,9.0,,,,36.0,629.5,3.0,0.0,C,0
3157,9.0,,,,44.0,630.0,3.0,8.0,G#,240
3158,9.0,,,,41.0,630.0,3.0,5.0,B,150
3159,9.0,,,,36.0,630.0,3.0,0.0,C,0
3163,9.0,,,,44.0,630.5,3.0,8.0,G#,240
3164,9.0,,,,41.0,630.5,3.0,5.0,B,150
3165,9.0,,,,36.0,630.5,3.0,0.0,C,0
3169,9.0,,,,44.0,631.0,3.0,8.0,G#,240
3170,9.0,,,,41.0,631.0,3.0,5.0,B,150
3171,9.0,,,,36.0,631.0,3.0,0.0,C,0
3175,9.0,,,,44.0,631.5,3.0,8.0,G#,240
3176,9.0,,,,41.0,631.5,3.0,5.0,B,150
3177,9.0,,,,36.0,631.5,3.0,0.0,C,0
3181,9.0,,,,44.0,632.0,3.0,8.0,G#,240
3182,9.0,,,,41.0,632.0,3.0,5.0,B,150
3183,9.0,,,,36.0,632.0,3.0,0.0,C,0
3187,9.0,,,,44.0,632.5,3.0,8.0,G#,240
3188,9.0,,,,41.0,632.5,3.0,5.0,B,150
3189,9.0,,,,36.0,632.5,3.0,0.0,C,0
3193,9.0,,,,44.0,633.0,3.0,8.0,G#,240
3194,9.0,,,,41.0,633.0,3.0,5.0,B,150
3195,9.0,,,,36.0,633.0,3.0,0.0,C,0
3199,9.0,,,,44.0,633.5,3.0,8.0,G#,240
3200,9.0,,,,41.0,633.5,3.0,5.0,B,150
3201,9.0,,,,36.0,633.5,3.0,0.0,C,0
3205,9.0,,,,44.0,634.0,3.0,8.0,G#,240
3206,9.0,,,,41.0,634.0,3.0,5.0,B,150
3207,9.0,,,,36.0,634.0,3.0,0.0,C,0
3211,9.0,,,,44.0,634.5,3.0,8.0,G#,240
3212,9.0,,,,41.0,634.5,3.0,5.0,B,150
3213,9.0,,,,36.0,634.5,3.0,0.0,C,0
3217,9.0,,,,44.0,635.0,3.0,8.0,G#,240
3218,9.0,,,,41.0,635.0,3.0,5.0,B,150
3219,9.0,,,,36.0,635.0,3.0,0.0,C,0
3223,9.0,,,,44.0,635.5,3.0,8.0,G#,240
3224,9.0,,,,41.0,635.5,3.0,5.0,B,150
3225,9.0,,,,36.0,635.5,3.0,0.0,C,0
3229,9.0,,,,44.0,636.0,3.0,8.0,G#,240
3230,9.0,,,,41.0,636.0,3.0,5.0,B,150
3231,9.0,,,,36.0,636.0,3.0,0.0,C,0
3235,9.0,,,,44.0,636.5,3.0,8.0,G#,240
3236,9.0,,,,41.0,636.5,3.0,5.0,B,150
3237,9.0,,,,36.0,636.5,3.0,0.0,C,0
3241,9.0,,,,44.0,637.0,3.0,8.0,G#,240
3242,9.0,,,,41.0,637.0,3.0,5.0,B,150
3243,9.0,,,,36.0,637.0,3.0,0.0,C,0
3247,9.0,,,,44.0,637.5,3.0,8.0,G#,240
3248,9.0,,,,41.0,637.5,3.0,5.0,B,150
3249,9.0,,,,36.0,637.5,3.0,0.0,C,0
3253,9.0,,,,44.0,638.0,3.0,8.0,G#,240
3254,9.0,,,,41.0,638.0,3.0,5.0,B,150
3255,9.0,,,,36.0,638.0,3.0,0.0,C,0
3259,9.0,,,,44.0,638.5,3.0,8.0,G#,240
3260,9.0,,,,41.0,638.5,3.0,5.0,B,150
3261,9.0,,,,36.0,638.5,3.0,0.0,C,0
3265,9.0,,,,44.0,639.0,3.0,8.0,G#,240
3266,9.0,,,,41.0,639.0,3.0,5.0,B,150
3267,9.0,,,,36.0,639.0,3.0,0.0,C,0
3271,9.0,,,,44.0,639.5,3.0,8.0,G#,240
3272,9.0,,,,41.0,639.5,3.0,5.0,B,150
3273,9.0,,,,36.0,639.5,3.0,0.0,C,0
3277,9.0,,,,44.0,640.0,3.0,8.0,G#,240
3278,9.0,,,,41.0,640.0,3.0,5.0,B,150
3279,9.0,,,,36.0,640.0,3.0,0.0,C,0
3283,9.0,,,,44.0,640.5,3.0,8.0,G#,240
3284,9.0,,,,41.0,640.5,3.0,5.0,B,150
3285,9.0,,,,36.0,640.5,3.0,0.0,C,0
3289,9.0,,,,44.0,641.0,3.0,8.0,G#,240
3290,9.0,,,,41.0,641.0,3.0,5.0,B,150
3291,9.0,,,,36.0,641.0,3.0,0.0,C,0
3295,9.0,,,,44.0,641.5,3.0,8.0,G#,240
3296,9.0,,,,41.0,641.5,3.0,5.0,B,150
3297,9.0,,,,36.0,641.5,3.0,0.0,C,0
3301,9.0,,,,44.0,642.0,3.0,8.0,G#,240
3302,9.0,,,,41.0,642.0,3.0,5.0,B,150
3303,9.0,,,,36.0,642.0,3.0,0.0,C,0
3307,9.0,,,,44.0,642.5,3.0,8.0,G#,240
3308,9.0,,,,41.0,642.5,3.0,5.0,B,150
3309,9.0,,,,36.0,642.5,3.0,0.0,C,0
3313,9.0,,,,44.0,643.0,3.0,8.0,G#,240
3314,9.0,,,,41.0,643.0,3.0,5.0,B,150
3315,9.0,,,,36.0,643.0,3.0,0.0,C,0
3319,9.0,,,,44.0,643.5,3.0,8.0,G#,240
3320,9.0,,,,41.0,643.5,3.0,5.0,B,150
3321,9.0,,,,36.0,643.5,3.0,0.0,C,0
3325,9.0,,,,44.0,644.0,3.0,8.0,G#,240
3326,9.0,,,,41.0,644.0,3.0,5.0,B,150
3327,9.0,,,,36.0,644.0,3.0,0.0,C,0
3331,9.0,,,,44.0,644.5,3.0,8.0,G#,240
3332,9.0,,,,41.0,644.5,3.0,5.0,B,150
3333,9.0,,,,36.0,644.5,3.0,0.0,C,0
3337,9.0,,,,44.0,645.0,3.0,8.0,G#,240
3338,9.0,,,,41.0,645.0,3.0,5.0,B,150
3339,9.0,,,,36.0,645.0,3.0,0.0,C,0
3343,9.0,,,,44.0,645.5,3.0,8.0,G#,240
3344,9.0,,,,41.0,645.5,3.0,5.0,B,150
3345,9.0,,,,36.0,645.5,3.0,0.0,C,0
3349,9.0,,,,44.0,646.0,3.0,8.0,G#,240
3350,9.0,,,,41.0,646.0,3.0,5.0,B,150
3351,9.0,,,,36.0,646.0,3.0,0.0,C,0
3355,9.0,,,,44.0,646.5,3.0,8.0,G#,240
3356,9.0,,,,41.0,646.5,3.0,5.0,B,150
3357,9.0,,,,36.0,646.5,3.0,0.0,C,0
3361,9.0,,,,44.0,647.0,3.0,8.0,G#,240
3362,9.0,,,,41.0,647.0,3.0,5.0,B,150
3363,9.0,,,,36.0,647.0,3.0,0.0,C,0
3367,9.0,,,,44.0,647.5,3.0,8.0,G#,240
3368,9.0,,,,41.0,647.5,3.0,5.0,B,150
3369,9.0,,,,36.0,647.5,3.0,0.0,C,0
3373,9.0,,,,44.0,648.0,3.0,8.0,G#,240
3374,9.0,,,,41.0,648.0,3.0,5.0,B,150
3375,9.0,,,,36.0,648.0,3.0,0.0,C,0
3379,9.0,,,,44.0,648.5,3.0,8.0,G#,240
3380,9.0,,,,41.0,648.5,3.0,5.0,B,150
3381,9.0,,,,36.0,648.5,3.0,0.0,C,0
3385,9.0,,,,44.0,649.0,3.0,8.0,G#,240
3386,9.0,,,,41.0,649.0,3.0,5.0,B,150
3387,9.0,,,,36.0,649.0,3.0,0.0,C,0
3391,9.0,,,,44.0,649.5,3.0,8.0,G#,240
3392,9.0,,,,41.0,649.5,3.0,5.0,B,150
3393,9.0,,,,36.0,649.5,3.0,0.0,C,0
3397,9.0,,,,44.0,650.0,3.0,8.0,G#,240
3398,9.0,,,,41.0,650.0,3.0,5.0,B,150
3399,9.0,,,,36.0,650.0,3.0,0.0,C,0
3403,9.0,,,,44.0,650.5,3.0,8.0,G#,240
3404,9.0,,,,41.0,650.5,3.0,5.0,B,150
3405,9.0,,,,36.0,650.5,3.0,0.0,C,0
3409,9.0,,,,44.0,651.0,3.0,8.0,G#,240
3410,9.0,,,,41.0,651.0,3.0,5.0,B,150
3411,9.0,,,,36.0,651.0,3.0,0.0,C,0
3415,9.0,,,,44.0,651.5,3.0,8.0,G#,240
3416,9.0,,,,41.0,651.5,3.0,5.0,B,150
3417,9.0,,,,36.0,651.5,3.0,0.0,C,0
3421,9.0,,,,44.0,652.0,3.0,8.0,G#,240
3422,9.0,,,,36.0,652.0,3.0,0.0,C,0
3425,9.0,,,,44.0,652.5,3.0,8.0,G#,240
3426,9.0,,,,38.0,652.5,3.0,2.0,D,60
3429,9.0,,,,44.0,653.0,3.0,8.0,G#,240
3430,9.0,,,,36.0,653.0,3.0,0.0,C,0
3433,9.0,,,,44.0,653.5,3.0,8.0,G#,240
3434,9.0,,,,38.0,653.5,3.0,2.0,D,60
3437,9.0,,,,44.0,654.0,3.0,8.0,G#,240
3438,9.0,,,,36.0,654.0,3.0,0.0,C,0
3441,9.0,,,,44.0,654.5,3.0,8.0,G#,240
3442,9.0,,,,38.0,654.5,3.0,2.0,D,60
3445,9.0,,,,44.0,655.0,3.0,8.0,G#,240
3446,9.0,,,,36.0,655.0,3.0,0.0,C,0
3449,9.0,,,,44.0,655.5,3.0,8.0,G#,240
3450,9.0,,,,38.0,655.5,3.0,2.0,D,60
3453,9.0,,,,44.0,656.0,3.0,8.0,G#,240
3454,9.0,,,,36.0,656.0,3.0,0.0,C,0
3457,9.0,,,,44.0,656.5,3.0,8.0,G#,240
3458,9.0,,,,38.0,656.5,3.0,2.0,D,60
3461,9.0,,,,44.0,657.0,3.0,8.0,G#,240
3462,9.0,,,,36.0,657.0,3.0,0.0,C,0
3465,9.0,,,,44.0,657.5,3.0,8.0,G#,240
3466,9.0,,,,38.0,657.5,3.0,2.0,D,60
3469,9.0,,,,44.0,658.0,3.0,8.0,G#,240
3470,9.0,,,,36.0,658.0,3.0,0.0,C,0
3473,9.0,,,,44.0,658.5,3.0,8.0,G#,240
3474,9.0,,,,38.0,658.5,3.0,2.0,D,60
3477,9.0,,,,44.0,659.0,3.0,8.0,G#,240
3478,9.0,,,,36.0,659.0,3.0,0.0,C,0
3481,9.0,,,,44.0,659.5,3.0,8.0,G#,240
3482,9.0,,,,38.0,659.5,3.0,2.0,D,60
3485,9.0,,,,44.0,660.0,3.0,8.0,G#,240
3486,9.0,,,,36.0,660.0,3.0,0.0,C,0
3489,9.0,,,,44.0,660.5,3.0,8.0,G#,240
3490,9.0,,,,38.0,660.5,3.0,2.0,D,60
3493,9.0,,,,44.0,661.0,3.0,8.0,G#,240
3494,9.0,,,,36.0,661.0,3.0,0.0,C,0
3497,9.0,,,,44.0,661.5,3.0,8.0,G#,240
3498,9.0,,,,38.0,661.5,3.0,2.0,D,60
3501,9.0,,,,44.0,662.0,3.0,8.0,G#,240
3502,9.0,,,,36.0,662.0,3.0,0.0,C,0
3505,9.0,,,,44.0,662.5,3.0,8.0,G#,240
3506,9.0,,,,38.0,662.5,3.0,2.0,D,60
3509,9.0,,,,44.0,663.0,3.0,8.0,G#,240
3510,9.0,,,,36.0,663.0,3.0,0.0,C,0
3513,9.0,,,,44.0,663.5,3.0,8.0,G#,240
3514,9.0,,,,38.0,663.5,3.0,2.0,D,60
3517,9.0,,,,44.0,664.0,3.0,8.0,G#,240
3518,9.0,,,,36.0,664.0,3.0,0.0,C,0
3521,9.0,,,,44.0,664.5,3.0,8.0,G#,240
3522,9.0,,,,38.0,664.5,3.0,2.0,D,60
3525,9.0,,,,44.0,665.0,3.0,8.0,G#,240
3526,9.0,,,,36.0,665.0,3.0,0.0,C,0
3529,9.0,,,,44.0,665.5,3.0,8.0,G#,240
3530,9.0,,,,38.0,665.5,3.0,2.0,D,60
3533,9.0,,,,44.0,666.0,3.0,8.0,G#,240
3534,9.0,,,,36.0,666.0,3.0,0.0,C,0
3537,9.0,,,,44.0,666.5,3.0,8.0,G#,240
3538,9.0,,,,38.0,666.5,3.0,2.0,D,60
3541,9.0,,,,44.0,667.0,3.0,8.0,G#,240
3542,9.0,,,,36.0,667.0,3.0,0.0,C,0
3545,9.0,,,,44.0,667.5,3.0,8.0,G#,240
3546,9.0,,,,38.0,667.5,3.0,2.0,D,60
3549,9.0,,,,57.0,668.0,4.0,9.0,D#,270
3550,9.0,,,,36.0,668.0,3.0,0.0,C,0
3553,9.0,,,,42.0,668.5,3.0,6.0,F#,180
3555,9.0,,,,42.0,669.0,3.0,6.0,F#,180
3557,9.0,,,,42.0,669.5,3.0,6.0,F#,180
3559,9.0,,,,57.0,670.0,4.0,9.0,D#,270
3560,9.0,,,,36.0,670.0,3.0,0.0,C,0
3563,9.0,,,,42.0,670.5,3.0,6.0,F#,180
3565,9.0,,,,42.0,671.0,3.0,6.0,F#,180
3567,9.0,,,,42.0,671.5,3.0,6.0,F#,180
3569,9.0,,,,57.0,672.0,4.0,9.0,D#,270
3570,9.0,,,,36.0,672.0,3.0,0.0,C,0
3573,9.0,,,,57.0,672.5,4.0,9.0,D#,270
3574,9.0,,,,38.0,672.5,3.0,2.0,D,60
3577,9.0,,,,57.0,673.0,4.0,9.0,D#,270
3578,9.0,,,,36.0,673.0,3.0,0.0,C,0
3581,9.0,,,,57.0,673.5,4.0,9.0,D#,270
3582,9.0,,,,38.0,673.5,3.0,2.0,D,60
3585,9.0,,,,57.0,674.0,4.0,9.0,D#,270
3586,9.0,,,,36.0,674.0,3.0,0.0,C,0
3589,9.0,,,,57.0,674.5,4.0,9.0,D#,270
3590,9.0,,,,38.0,674.5,3.0,2.0,D,60
3593,9.0,,,,57.0,675.0,4.0,9.0,D#,270
3594,9.0,,,,36.0,675.0,3.0,0.0,C,0
3597,9.0,,,,57.0,675.5,4.0,9.0,D#,270
3598,9.0,,,,38.0,675.5,3.0,2.0,D,60
3601,9.0,,,,57.0,676.0,4.0,9.0,D#,270
3602,9.0,,,,36.0,676.0,3.0,0.0,C,0
3605,9.0,,,,57.0,676.5,4.0,9.0,D#,270
3606,9.0,,,,38.0,676.5,3.0,2.0,D,60
3608,9.0,,,,36.0,676.75,3.0,0.0,C,0
3611,9.0,,,,57.0,677.0,4.0,9.0,D#,270
3612,9.0,,,,36.0,677.0,3.0,0.0,C,0
3615,9.0,,,,57.0,677.5,4.0,9.0,D#,270
3616,9.0,,,,36.0,677.5,3.0,0.0,C,0
3618,9.0,,,,38.0,677.75,3.0,2.0,D,60
3621,9.0,,,,57.0,678.0,4.0,9.0,D#,270
3622,9.0,,,,36.0,678.0,3.0,0.0,C,0
3625,9.0,,,,57.0,678.5,4.0,9.0,D#,270
3626,9.0,,,,38.0,678.5,3.0,2.0,D,60
3629,9.0,,,,57.0,679.0,4.0,9.0,D#,270
3630,9.0,,,,36.0,679.0,3.0,0.0,C,0
3633,9.0,,,,57.0,679.5,4.0,9.0,D#,270
3634,9.0,,,,38.0,679.5,3.0,2.0,D,60
3637,9.0,,,,57.0,680.0,4.0,9.0,D#,270
3638,9.0,,,,36.0,680.0,3.0,0.0,C,0
3641,9.0,,,,57.0,680.5,4.0,9.0,D#,270
3642,9.0,,,,38.0,680.5,3.0,2.0,D,60
3645,9.0,,,,57.0,681.0,4.0,9.0,D#,270
3646,9.0,,,,36.0,681.0,3.0,0.0,C,0
3649,9.0,,,,57.0,681.5,4.0,9.0,D#,270
3650,9.0,,,,38.0,681.5,3.0,2.0,D,60
3653,9.0,,,,57.0,682.0,4.0,9.0,D#,270
3654,9.0,,,,36.0,682.0,3.0,0.0,C,0
3657,9.0,,,,57.0,682.5,4.0,9.0,D#,270
3658,9.0,,,,38.0,682.5,3.0,2.0,D,60
3661,9.0,,,,57.0,683.0,4.0,9.0,D#,270
3662,9.0,,,,36.0,683.0,3.0,0.0,C,0
3665,9.0,,,,57.0,683.5,4.0,9.0,D#,270
3666,9.0,,,,38.0,683.5,3.0,2.0,D,60
3669,9.0,,,,57.0,684.0,4.0,9.0,D#,270
3670,9.0,,,,36.0,684.0,3.0,0.0,C,0
3673,9.0,,,,57.0,684.5,4.0,9.0,D#,270
3674,9.0,,,,38.0,684.5,3.0,2.0,D,60
3676,9.0,,,,36.0,684.75,3.0,0.0,C,0
3679,9.0,,,,57.0,685.0,4.0,9.0,D#,270
3680,9.0,,,,36.0,685.0,3.0,0.0,C,0
3683,9.0,,,,57.0,685.5,4.0,9.0,D#,270
3684,9.0,,,,36.0,685.5,3.0,0.0,C,0
3686,9.0,,,,38.0,685.75,3.0,2.0,D,60
3689,9.0,,,,57.0,686.0,4.0,9.0,D#,270
3690,9.0,,,,36.0,686.0,3.0,0.0,C,0
3693,9.0,,,,57.0,686.5,4.0,9.0,D#,270
3694,9.0,,,,38.0,686.5,3.0,2.0,D,60
3697,9.0,,,,57.0,687.0,4.0,9.0,D#,270
3698,9.0,,,,36.0,687.0,3.0,0.0,C,0
3701,9.0,,,,57.0,687.5,4.0,9.0,D#,270
3702,9.0,,,,38.0,687.5,3.0,2.0,D,60
3705,9.0,,,,57.0,688.0,4.0,9.0,D#,270
3706,9.0,,,,36.0,688.0,3.0,0.0,C,0
3709,9.0,,,,42.0,688.5,3.0,6.0,F#,180
3711,9.0,,,,42.0,689.0,3.0,6.0,F#,180
3713,9.0,,,,42.0,689.5,3.0,6.0,F#,180
3715,9.0,,,,57.0,690.0,4.0,9.0,D#,270
3716,9.0,,,,36.0,690.0,3.0,0.0,C,0
3719,9.0,,,,42.0,690.5,3.0,6.0,F#,180
3721,9.0,,,,42.0,691.0,3.0,6.0,F#,180
3723,9.0,,,,42.0,691.5,3.0,6.0,F#,180
3725,9.0,,,,57.0,692.0,4.0,9.0,D#,270
3726,9.0,,,,36.0,692.0,3.0,0.0,C,0
3729,9.0,,,,44.0,700.0,3.0,8.0,G#,240
3730,9.0,,,,41.0,700.0,3.0,5.0,B,150
3731,9.0,,,,36.0,700.0,3.0,0.0,C,0
3735,9.0,,,,44.0,700.5,3.0,8.0,G#,240
3736,9.0,,,,41.0,700.5,3.0,5.0,B,150
3737,9.0,,,,36.0,700.5,3.0,0.0,C,0
3741,9.0,,,,44.0,701.0,3.0,8.0,G#,240
3742,9.0,,,,41.0,701.0,3.0,5.0,B,150
3743,9.0,,,,36.0,701.0,3.0,0.0,C,0
3747,9.0,,,,44.0,701.5,3.0,8.0,G#,240
3748,9.0,,,,41.0,701.5,3.0,5.0,B,150
3749,9.0,,,,36.0,701.5,3.0,0.0,C,0
3753,9.0,,,,44.0,702.0,3.0,8.0,G#,240
3754,9.0,,,,41.0,702.0,3.0,5.0,B,150
3755,9.0,,,,36.0,702.0,3.0,0.0,C,0
3759,9.0,,,,44.0,702.5,3.0,8.0,G#,240
3760,9.0,,,,41.0,702.5,3.0,5.0,B,150
3761,9.0,,,,36.0,702.5,3.0,0.0,C,0
3765,9.0,,,,44.0,703.0,3.0,8.0,G#,240
3766,9.0,,,,41.0,703.0,3.0,5.0,B,150
3767,9.0,,,,36.0,703.0,3.0,0.0,C,0
3771,9.0,,,,44.0,703.5,3.0,8.0,G#,240
3772,9.0,,,,41.0,703.5,3.0,5.0,B,150
3773,9.0,,,,36.0,703.5,3.0,0.0,C,0
3777,9.0,,,,44.0,704.0,3.0,8.0,G#,240
3778,9.0,,,,41.0,704.0,3.0,5.0,B,150
3779,9.0,,,,36.0,704.0,3.0,0.0,C,0
3783,9.0,,,,44.0,704.5,3.0,8.0,G#,240
3784,9.0,,,,41.0,704.5,3.0,5.0,B,150
3785,9.0,,,,36.0,704.5,3.0,0.0,C,0
3789,9.0,,,,44.0,705.0,3.0,8.0,G#,240
3790,9.0,,,,41.0,705.0,3.0,5.0,B,150
3791,9.0,,,,36.0,705.0,3.0,0.0,C,0
3795,9.0,,,,44.0,705.5,3.0,8.0,G#,240
3796,9.0,,,,41.0,705.5,3.0,5.0,B,150
3797,9.0,,,,36.0,705.5,3.0,0.0,C,0
3801,9.0,,,,44.0,706.0,3.0,8.0,G#,240
3802,9.0,,,,41.0,706.0,3.0,5.0,B,150
3803,9.0,,,,36.0,706.0,3.0,0.0,C,0
3807,9.0,,,,44.0,706.5,3.0,8.0,G#,240
3808,9.0,,,,41.0,706.5,3.0,5.0,B,150
3809,9.0,,,,36.0,706.5,3.0,0.0,C,0
3813,9.0,,,,44.0,707.0,3.0,8.0,G#,240
3814,9.0,,,,41.0,707.0,3.0,5.0,B,150
3815,9.0,,,,36.0,707.0,3.0,0.0,C,0
3819,9.0,,,,44.0,707.5,3.0,8.0,G#,240
3820,9.0,,,,41.0,707.5,3.0,5.0,B,150
3821,9.0,,,,36.0,707.5,3.0,0.0,C,0
3825,9.0,,,,44.0,708.0,3.0,8.0,G#,240
3826,9.0,,,,41.0,708.0,3.0,5.0,B,150
3827,9.0,,,,36.0,708.0,3.0,0.0,C,0
3831,9.0,,,,44.0,708.5,3.0,8.0,G#,240
3832,9.0,,,,41.0,708.5,3.0,5.0,B,150
3833,9.0,,,,36.0,708.5,3.0,0.0,C,0
3837,9.0,,,,44.0,709.0,3.0,8.0,G#,240
3838,9.0,,,,41.0,709.0,3.0,5.0,B,150
3839,9.0,,,,36.0,709.0,3.0,0.0,C,0
3843,9.0,,,,44.0,709.5,3.0,8.0,G#,240
3844,9.0,,,,41.0,709.5,3.0,5.0,B,150
3845,9.0,,,,36.0,709.5,3.0,0.0,C,0
3849,9.0,,,,44.0,710.0,3.0,8.0,G#,240
3850,9.0,,,,41.0,710.0,3.0,5.0,B,150
3851,9.0,,,,36.0,710.0,3.0,0.0,C,0
3855,9.0,,,,44.0,710.5,3.0,8.0,G#,240
3856,9.0,,,,41.0,710.5,3.0,5.0,B,150
3857,9.0,,,,36.0,710.5,3.0,0.0,C,0
3861,9.0,,,,44.0,711.0,3.0,8.0,G#,240
3862,9.0,,,,41.0,711.0,3.0,5.0,B,150
3863,9.0,,,,36.0,711.0,3.0,0.0,C,0
3867,9.0,,,,44.0,711.5,3.0,8.0,G#,240
3868,9.0,,,,41.0,711.5,3.0,5.0,B,150
3869,9.0,,,,36.0,711.5,3.0,0.0,C,0
3873,9.0,,,,44.0,712.0,3.0,8.0,G#,240
3874,9.0,,,,41.0,712.0,3.0,5.0,B,150
3875,9.0,,,,36.0,712.0,3.0,0.0,C,0
3879,9.0,,,,44.0,712.5,3.0,8.0,G#,240
3880,9.0,,,,41.0,712.5,3.0,5.0,B,150
3881,9.0,,,,36.0,712.5,3.0,0.0,C,0
3885,9.0,,,,44.0,713.0,3.0,8.0,G#,240
3886,9.0,,,,41.0,713.0,3.0,5.0,B,150
3887,9.0,,,,36.0,713.0,3.0,0.0,C,0
3891,9.0,,,,44.0,713.5,3.0,8.0,G#,240
3892,9.0,,,,41.0,713.5,3.0,5.0,B,150
3893,9.0,,,,36.0,713.5,3.0,0.0,C,0
3897,9.0,,,,44.0,714.0,3.0,8.0,G#,240
3898,9.0,,,,41.0,714.0,3.0,5.0,B,150
3899,9.0,,,,36.0,714.0,3.0,0.0,C,0
3903,9.0,,,,44.0,714.5,3.0,8.0,G#,240
3904,9.0,,,,41.0,714.5,3.0,5.0,B,150
3905,9.0,,,,36.0,714.5,3.0,0.0,C,0
3909,9.0,,,,44.0,715.0,3.0,8.0,G#,240
3910,9.0,,,,41.0,715.0,3.0,5.0,B,150
3911,9.0,,,,36.0,715.0,3.0,0.0,C,0
3915,9.0,,,,44.0,715.5,3.0,8.0,G#,240
3916,9.0,,,,41.0,715.5,3.0,5.0,B,150
3917,9.0,,,,36.0,715.5,3.0,0.0,C,0
3921,9.0,,,,44.0,716.0,3.0,8.0,G#,240
3922,9.0,,,,41.0,716.0,3.0,5.0,B,150
3923,9.0,,,,36.0,716.0,3.0,0.0,C,0
3927,9.0,,,,44.0,716.5,3.0,8.0,G#,240
3928,9.0,,,,41.0,716.5,3.0,5.0,B,150
3929,9.0,,,,36.0,716.5,3.0,0.0,C,0
3933,9.0,,,,44.0,717.0,3.0,8.0,G#,240
3934,9.0,,,,41.0,717.0,3.0,5.0,B,150
3935,9.0,,,,36.0,717.0,3.0,0.0,C,0
3939,9.0,,,,44.0,717.5,3.0,8.0,G#,240
3940,9.0,,,,41.0,717.5,3.0,5.0,B,150
3941,9.0,,,,36.0,717.5,3.0,0.0,C,0
3945,9.0,,,,44.0,718.0,3.0,8.0,G#,240
3946,9.0,,,,41.0,718.0,3.0,5.0,B,150
3947,9.0,,,,36.0,718.0,3.0,0.0,C,0
3951,9.0,,,,44.0,718.5,3.0,8.0,G#,240
3952,9.0,,,,41.0,718.5,3.0,5.0,B,150
3953,9.0,,,,36.0,718.5,3.0,0.0,C,0
3957,9.0,,,,44.0,719.0,3.0,8.0,G#,240
3958,9.0,,,,41.0,719.0,3.0,5.0,B,150
3959,9.0,,,,36.0,719.0,3.0,0.0,C,0
3963,9.0,,,,44.0,719.5,3.0,8.0,G#,240
3964,9.0,,,,41.0,719.5,3.0,5.0,B,150
3965,9.0,,,,36.0,719.5,3.0,0.0,C,0
3969,9.0,,,,44.0,720.0,3.0,8.0,G#,240
3970,9.0,,,,41.0,720.0,3.0,5.0,B,150
3971,9.0,,,,36.0,720.0,3.0,0.0,C,0
3975,9.0,,,,44.0,720.5,3.0,8.0,G#,240
3976,9.0,,,,41.0,720.5,3.0,5.0,B,150
3977,9.0,,,,36.0,720.5,3.0,0.0,C,0
3981,9.0,,,,44.0,721.0,3.0,8.0,G#,240
3982,9.0,,,,41.0,721.0,3.0,5.0,B,150
3983,9.0,,,,36.0,721.0,3.0,0.0,C,0
3987,9.0,,,,44.0,721.5,3.0,8.0,G#,240
3988,9.0,,,,41.0,721.5,3.0,5.0,B,150
3989,9.0,,,,36.0,721.5,3.0,0.0,C,0
3993,9.0,,,,44.0,722.0,3.0,8.0,G#,240
3994,9.0,,,,41.0,722.0,3.0,5.0,B,150
3995,9.0,,,,36.0,722.0,3.0,0.0,C,0
3999,9.0,,,,44.0,722.5,3.0,8.0,G#,240
4000,9.0,,,,41.0,722.5,3.0,5.0,B,150
4001,9.0,,,,36.0,722.5,3.0,0.0,C,0
4005,9.0,,,,44.0,723.0,3.0,8.0,G#,240
4006,9.0,,,,41.0,723.0,3.0,5.0,B,150
4007,9.0,,,,36.0,723.0,3.0,0.0,C,0
4011,9.0,,,,44.0,723.5,3.0,8.0,G#,240
4012,9.0,,,,41.0,723.5,3.0,5.0,B,150
4013,9.0,,,,36.0,723.5,3.0,0.0,C,0
4017,9.0,,,,44.0,724.0,3.0,8.0,G#,240
4018,9.0,,,,36.0,724.0,3.0,0.0,C,0
4021,9.0,,,,44.0,724.5,3.0,8.0,G#,240
4022,9.0,,,,38.0,724.5,3.0,2.0,D,60
4025,9.0,,,,44.0,725.0,3.0,8.0,G#,240
4026,9.0,,,,36.0,725.0,3.0,0.0,C,0
4029,9.0,,,,44.0,725.5,3.0,8.0,G#,240
4030,9.0,,,,38.0,725.5,3.0,2.0,D,60
4033,9.0,,,,44.0,726.0,3.0,8.0,G#,240
4034,9.0,,,,36.0,726.0,3.0,0.0,C,0
4037,9.0,,,,44.0,726.5,3.0,8.0,G#,240
4038,9.0,,,,38.0,726.5,3.0,2.0,D,60
4041,9.0,,,,44.0,727.0,3.0,8.0,G#,240
4042,9.0,,,,36.0,727.0,3.0,0.0,C,0
4045,9.0,,,,44.0,727.5,3.0,8.0,G#,240
4046,9.0,,,,38.0,727.5,3.0,2.0,D,60
4049,9.0,,,,44.0,728.0,3.0,8.0,G#,240
4050,9.0,,,,36.0,728.0,3.0,0.0,C,0
4053,9.0,,,,44.0,728.5,3.0,8.0,G#,240
4054,9.0,,,,38.0,728.5,3.0,2.0,D,60
4057,9.0,,,,44.0,729.0,3.0,8.0,G#,240
4058,9.0,,,,36.0,729.0,3.0,0.0,C,0
4061,9.0,,,,44.0,729.5,3.0,8.0,G#,240
4062,9.0,,,,38.0,729.5,3.0,2.0,D,60
4065,9.0,,,,44.0,730.0,3.0,8.0,G#,240
4066,9.0,,,,36.0,730.0,3.0,0.0,C,0
4069,9.0,,,,44.0,730.5,3.0,8.0,G#,240
4070,9.0,,,,38.0,730.5,3.0,2.0,D,60
4073,9.0,,,,44.0,731.0,3.0,8.0,G#,240
4074,9.0,,,,36.0,731.0,3.0,0.0,C,0
4077,9.0,,,,44.0,731.5,3.0,8.0,G#,240
4078,9.0,,,,38.0,731.5,3.0,2.0,D,60
4081,9.0,,,,44.0,732.0,3.0,8.0,G#,240
4082,9.0,,,,36.0,732.0,3.0,0.0,C,0
4085,9.0,,,,44.0,732.5,3.0,8.0,G#,240
4086,9.0,,,,38.0,732.5,3.0,2.0,D,60
4089,9.0,,,,44.0,733.0,3.0,8.0,G#,240
4090,9.0,,,,36.0,733.0,3.0,0.0,C,0
4093,9.0,,,,44.0,733.5,3.0,8.0,G#,240
4094,9.0,,,,38.0,733.5,3.0,2.0,D,60
4097,9.0,,,,44.0,734.0,3.0,8.0,G#,240
4098,9.0,,,,36.0,734.0,3.0,0.0,C,0
4101,9.0,,,,44.0,734.5,3.0,8.0,G#,240
4102,9.0,,,,38.0,734.5,3.0,2.0,D,60
4105,9.0,,,,44.0,735.0,3.0,8.0,G#,240
4106,9.0,,,,36.0,735.0,3.0,0.0,C,0
4109,9.0,,,,44.0,735.5,3.0,8.0,G#,240
4110,9.0,,,,38.0,735.5,3.0,2.0,D,60
4113,9.0,,,,44.0,736.0,3.0,8.0,G#,240
4114,9.0,,,,36.0,736.0,3.0,0.0,C,0
4117,9.0,,,,44.0,736.5,3.0,8.0,G#,240
4118,9.0,,,,38.0,736.5,3.0,2.0,D,60
4121,9.0,,,,44.0,737.0,3.0,8.0,G#,240
4122,9.0,,,,36.0,737.0,3.0,0.0,C,0
4125,9.0,,,,44.0,737.5,3.0,8.0,G#,240
4126,9.0,,,,38.0,737.5,3.0,2.0,D,60
4129,9.0,,,,44.0,738.0,3.0,8.0,G#,240
4130,9.0,,,,36.0,738.0,3.0,0.0,C,0
4133,9.0,,,,44.0,738.5,3.0,8.0,G#,240
4134,9.0,,,,38.0,738.5,3.0,2.0,D,60
4137,9.0,,,,44.0,739.0,3.0,8.0,G#,240
4138,9.0,,,,36.0,739.0,3.0,0.0,C,0
4141,9.0,,,,44.0,739.5,3.0,8.0,G#,240
4142,9.0,,,,38.0,739.5,3.0,2.0,D,60
4145,9.0,,,,57.0,740.0,4.0,9.0,D#,270
4146,9.0,,,,36.0,740.0,3.0,0.0,C,0
4149,9.0,,,,42.0,740.5,3.0,6.0,F#,180
4151,9.0,,,,42.0,741.0,3.0,6.0,F#,180
4153,9.0,,,,42.0,741.5,3.0,6.0,F#,180
4155,9.0,,,,57.0,742.0,4.0,9.0,D#,270
4156,9.0,,,,36.0,742.0,3.0,0.0,C,0
4159,9.0,,,,42.0,742.5,3.0,6.0,F#,180
4161,9.0,,,,42.0,743.0,3.0,6.0,F#,180
4163,9.0,,,,42.0,743.5,3.0,6.0,F#,180
4165,9.0,,,,57.0,744.0,4.0,9.0,D#,270
4166,9.0,,,,36.0,744.0,3.0,0.0,C,0
4169,9.0,,,,57.0,744.5,4.0,9.0,D#,270
4170,9.0,,,,38.0,744.5,3.0,2.0,D,60
4173,9.0,,,,57.0,745.0,4.0,9.0,D#,270
4174,9.0,,,,36.0,745.0,3.0,0.0,C,0
4177,9.0,,,,57.0,745.5,4.0,9.0,D#,270
4178,9.0,,,,38.0,745.5,3.0,2.0,D,60
4181,9.0,,,,57.0,746.0,4.0,9.0,D#,270
4182,9.0,,,,36.0,746.0,3.0,0.0,C,0
4185,9.0,,,,57.0,746.5,4.0,9.0,D#,270
4186,9.0,,,,38.0,746.5,3.0,2.0,D,60
4189,9.0,,,,57.0,747.0,4.0,9.0,D#,270
4190,9.0,,,,36.0,747.0,3.0,0.0,C,0
4193,9.0,,,,57.0,747.5,4.0,9.0,D#,270
4194,9.0,,,,38.0,747.5,3.0,2.0,D,60
4197,9.0,,,,57.0,748.0,4.0,9.0,D#,270
4198,9.0,,,,36.0,748.0,3.0,0.0,C,0
4201,9.0,,,,57.0,748.5,4.0,9.0,D#,270
4202,9.0,,,,38.0,748.5,3.0,2.0,D,60
4204,9.0,,,,36.0,748.75,3.0,0.0,C,0
4207,9.0,,,,57.0,749.0,4.0,9.0,D#,270
4208,9.0,,,,36.0,749.0,3.0,0.0,C,0
4211,9.0,,,,57.0,749.5,4.0,9.0,D#,270
4212,9.0,,,,36.0,749.5,3.0,0.0,C,0
4214,9.0,,,,38.0,749.75,3.0,2.0,D,60
4217,9.0,,,,57.0,750.0,4.0,9.0,D#,270
4218,9.0,,,,36.0,750.0,3.0,0.0,C,0
4221,9.0,,,,57.0,750.5,4.0,9.0,D#,270
4222,9.0,,,,38.0,750.5,3.0,2.0,D,60
4225,9.0,,,,57.0,751.0,4.0,9.0,D#,270
4226,9.0,,,,36.0,751.0,3.0,0.0,C,0
4229,9.0,,,,57.0,751.5,4.0,9.0,D#,270
4230,9.0,,,,38.0,751.5,3.0,2.0,D,60
4233,9.0,,,,57.0,752.0,4.0,9.0,D#,270
4234,9.0,,,,36.0,752.0,3.0,0.0,C,0
4237,9.0,,,,57.0,752.5,4.0,9.0,D#,270
4238,9.0,,,,38.0,752.5,3.0,2.0,D,60
4241,9.0,,,,57.0,753.0,4.0,9.0,D#,270
4242,9.0,,,,36.0,753.0,3.0,0.0,C,0
4245,9.0,,,,57.0,753.5,4.0,9.0,D#,270
4246,9.0,,,,38.0,753.5,3.0,2.0,D,60
4249,9.0,,,,57.0,754.0,4.0,9.0,D#,270
4250,9.0,,,,36.0,754.0,3.0,0.0,C,0
4253,9.0,,,,57.0,754.5,4.0,9.0,D#,270
4254,9.0,,,,38.0,754.5,3.0,2.0,D,60
4257,9.0,,,,57.0,755.0,4.0,9.0,D#,270
4258,9.0,,,,36.0,755.0,3.0,0.0,C,0
4261,9.0,,,,57.0,755.5,4.0,9.0,D#,270
4262,9.0,,,,38.0,755.5,3.0,2.0,D,60
4265,9.0,,,,57.0,756.0,4.0,9.0,D#,270
4266,9.0,,,,36.0,756.0,3.0,0.0,C,0
4269,9.0,,,,57.0,756.5,4.0,9.0,D#,270
4270,9.0,,,,38.0,756.5,3.0,2.0,D,60
4272,9.0,,,,36.0,756.75,3.0,0.0,C,0
4275,9.0,,,,57.0,757.0,4.0,9.0,D#,270
4276,9.0,,,,36.0,757.0,3.0,0.0,C,0
4279,9.0,,,,57.0,757.5,4.0,9.0,D#,270
4280,9.0,,,,36.0,757.5,3.0,0.0,C,0
4282,9.0,,,,38.0,757.75,3.0,2.0,D,60
4285,9.0,,,,57.0,758.0,4.0,9.0,D#,270
4286,9.0,,,,36.0,758.0,3.0,0.0,C,0
4289,9.0,,,,57.0,758.5,4.0,9.0,D#,270
4290,9.0,,,,38.0,758.5,3.0,2.0,D,60
4293,9.0,,,,57.0,759.0,4.0,9.0,D#,270
4294,9.0,,,,36.0,759.0,3.0,0.0,C,0
4297,9.0,,,,57.0,759.5,4.0,9.0,D#,270
4298,9.0,,,,38.0,759.5,3.0,2.0,D,60
4301,9.0,,,,57.0,760.0,4.0,9.0,D#,270
4302,9.0,,,,36.0,760.0,3.0,0.0,C,0
4305,9.0,,,,57.0,760.5,4.0,9.0,D#,270
4306,9.0,,,,38.0,760.5,3.0,2.0,D,60
4309,9.0,,,,57.0,761.0,4.0,9.0,D#,270
4310,9.0,,,,36.0,761.0,3.0,0.0,C,0
4313,9.0,,,,57.0,761.5,4.0,9.0,D#,270
4314,9.0,,,,38.0,761.5,3.0,2.0,D,60
4317,9.0,,,,57.0,762.0,4.0,9.0,D#,270
4318,9.0,,,,36.0,762.0,3.0,0.0,C,0
4321,9.0,,,,57.0,762.5,4.0,9.0,D#,270
4322,9.0,,,,38.0,762.5,3.0,2.0,D,60
4325,9.0,,,,57.0,763.0,4.0,9.0,D#,270
4326,9.0,,,,36.0,763.0,3.0,0.0,C,0
4329,9.0,,,,57.0,763.5,4.0,9.0,D#,270
4330,9.0,,,,38.0,763.5,3.0,2.0,D,60
4333,9.0,,,,57.0,764.0,4.0,9.0,D#,270
4334,9.0,,,,36.0,764.0,3.0,0.0,C,0
4337,9.0,,,,57.0,764.5,4.0,9.0,D#,270
4338,9.0,,,,38.0,764.5,3.0,2.0,D,60
4340,9.0,,,,36.0,764.75,3.0,0.0,C,0
4343,9.0,,,,57.0,765.0,4.0,9.0,D#,270
4344,9.0,,,,36.0,765.0,3.0,0.0,C,0
4347,9.0,,,,57.0,765.5,4.0,9.0,D#,270
4348,9.0,,,,36.0,765.5,3.0,0.0,C,0
4350,9.0,,,,38.0,765.75,3.0,2.0,D,60
4353,9.0,,,,57.0,766.0,4.0,9.0,D#,270
4354,9.0,,,,36.0,766.0,3.0,0.0,C,0
4357,9.0,,,,57.0,766.5,4.0,9.0,D#,270
4358,9.0,,,,38.0,766.5,3.0,2.0,D,60
4361,9.0,,,,57.0,767.0,4.0,9.0,D#,270
4362,9.0,,,,36.0,767.0,3.0,0.0,C,0
4365,9.0,,,,57.0,767.5,4.0,9.0,D#,270
4366,9.0,,,,38.0,767.5,3.0,2.0,D,60
4369,9.0,,,,57.0,768.0,4.0,9.0,D#,270
4370,9.0,,,,36.0,768.0,3.0,0.0,C,0
4373,9.0,,,,57.0,768.5,4.0,9.0,D#,270
4374,9.0,,,,38.0,768.5,3.0,2.0,D,60
4377,9.0,,,,57.0,769.0,4.0,9.0,D#,270
4378,9.0,,,,36.0,769.0,3.0,0.0,C,0
4381,9.0,,,,57.0,769.5,4.0,9.0,D#,270
4382,9.0,,,,38.0,769.5,3.0,2.0,D,60
4385,9.0,,,,57.0,770.0,4.0,9.0,D#,270
4386,9.0,,,,36.0,770.0,3.0,0.0,C,0
4389,9.0,,,,57.0,770.5,4.0,9.0,D#,270
4390,9.0,,,,38.0,770.5,3.0,2.0,D,60
4393,9.0,,,,57.0,771.0,4.0,9.0,D#,270
4394,9.0,,,,36.0,771.0,3.0,0.0,C,0
4397,9.0,,,,57.0,771.5,4.0,9.0,D#,270
4398,9.0,,,,38.0,771.5,3.0,2.0,D,60
4401,9.0,,,,57.0,772.0,4.0,9.0,D#,270
4402,9.0,,,,36.0,772.0,3.0,0.0,C,0
4405,9.0,,,,57.0,772.5,4.0,9.0,D#,270
4406,9.0,,,,38.0,772.5,3.0,2.0,D,60
4408,9.0,,,,36.0,772.75,3.0,0.0,C,0
4411,9.0,,,,57.0,773.0,4.0,9.0,D#,270
4412,9.0,,,,36.0,773.0,3.0,0.0,C,0
4415,9.0,,,,57.0,773.5,4.0,9.0,D#,270
4416,9.0,,,,36.0,773.5,3.0,0.0,C,0
4418,9.0,,,,38.0,773.75,3.0,2.0,D,60
4421,9.0,,,,57.0,774.0,4.0,9.0,D#,270
4422,9.0,,,,36.0,774.0,3.0,0.0,C,0
4425,9.0,,,,57.0,774.5,4.0,9.0,D#,270
4426,9.0,,,,38.0,774.5,3.0,2.0,D,60
4429,9.0,,,,57.0,775.0,4.0,9.0,D#,270
4430,9.0,,,,36.0,775.0,3.0,0.0,C,0
4433,9.0,,,,57.0,775.5,4.0,9.0,D#,270
4434,9.0,,,,38.0,775.5,3.0,2.0,D,60
4437,9.0,,,,57.0,776.0,4.0,9.0,D#,270
4438,9.0,,,,36.0,776.0,3.0,0.0,C,0
4441,9.0,,,,42.0,776.5,3.0,6.0,F#,180
4443,9.0,,,,42.0,777.0,3.0,6.0,F#,180
4445,9.0,,,,42.0,777.5,3.0,6.0,F#,180
4447,9.0,,,,57.0,778.0,4.0,9.0,D#,270
4448,9.0,,,,36.0,778.0,3.0,0.0,C,0
4451,9.0,,,,42.0,778.5,3.0,6.0,F#,180
4453,9.0,,,,42.0,779.0,3.0,6.0,F#,180
4455,9.0,,,,42.0,779.5,3.0,6.0,F#,180
4457,9.0,,,,44.0,784.0,3.0,8.0,G#,240
4458,9.0,,,,41.0,784.0,3.0,5.0,B,150
4459,9.0,,,,36.0,784.0,3.0,0.0,C,0
4463,9.0,,,,44.0,784.5,3.0,8.0,G#,240
4464,9.0,,,,41.0,784.5,3.0,5.0,B,150
4465,9.0,,,,36.0,784.5,3.0,0.0,C,0
4469,9.0,,,,44.0,785.0,3.0,8.0,G#,240
4470,9.0,,,,41.0,785.0,3.0,5.0,B,150
4471,9.0,,,,36.0,785.0,3.0,0.0,C,0
4475,9.0,,,,44.0,785.5,3.0,8.0,G#,240
4476,9.0,,,,41.0,785.5,3.0,5.0,B,150
4477,9.0,,,,36.0,785.5,3.0,0.0,C,0
4481,9.0,,,,44.0,786.0,3.0,8.0,G#,240
4482,9.0,,,,41.0,786.0,3.0,5.0,B,150
4483,9.0,,,,36.0,786.0,3.0,0.0,C,0
4487,9.0,,,,44.0,786.5,3.0,8.0,G#,240
4488,9.0,,,,41.0,786.5,3.0,5.0,B,150
4489,9.0,,,,36.0,786.5,3.0,0.0,C,0
4493,9.0,,,,44.0,787.0,3.0,8.0,G#,240
4494,9.0,,,,41.0,787.0,3.0,5.0,B,150
4495,9.0,,,,36.0,787.0,3.0,0.0,C,0
4499,9.0,,,,44.0,787.5,3.0,8.0,G#,240
4500,9.0,,,,41.0,787.5,3.0,5.0,B,150
4501,9.0,,,,36.0,787.5,3.0,0.0,C,0
4505,9.0,,,,44.0,788.0,3.0,8.0,G#,240
4506,9.0,,,,41.0,788.0,3.0,5.0,B,150
4507,9.0,,,,36.0,788.0,3.0,0.0,C,0
4511,9.0,,,,44.0,788.5,3.0,8.0,G#,240
4512,9.0,,,,41.0,788.5,3.0,5.0,B,150
4513,9.0,,,,36.0,788.5,3.0,0.0,C,0
4517,9.0,,,,44.0,789.0,3.0,8.0,G#,240
4518,9.0,,,,41.0,789.0,3.0,5.0,B,150
4519,9.0,,,,36.0,789.0,3.0,0.0,C,0
4523,9.0,,,,44.0,789.5,3.0,8.0,G#,240
4524,9.0,,,,41.0,789.5,3.0,5.0,B,150
4525,9.0,,,,36.0,789.5,3.0,0.0,C,0
4529,9.0,,,,44.0,790.0,3.0,8.0,G#,240
4530,9.0,,,,41.0,790.0,3.0,5.0,B,150
4531,9.0,,,,36.0,790.0,3.0,0.0,C,0
4535,9.0,,,,44.0,790.5,3.0,8.0,G#,240
4536,9.0,,,,41.0,790.5,3.0,5.0,B,150
4537,9.0,,,,36.0,790.5,3.0,0.0,C,0
4541,9.0,,,,44.0,791.0,3.0,8.0,G#,240
4542,9.0,,,,41.0,791.0,3.0,5.0,B,150
4543,9.0,,,,36.0,791.0,3.0,0.0,C,0
4547,9.0,,,,44.0,791.5,3.0,8.0,G#,240
4548,9.0,,,,41.0,791.5,3.0,5.0,B,150
4549,9.0,,,,36.0,791.5,3.0,0.0,C,0
4553,9.0,,,,44.0,792.0,3.0,8.0,G#,240
4554,9.0,,,,41.0,792.0,3.0,5.0,B,150
4555,9.0,,,,36.0,792.0,3.0,0.0,C,0
4559,9.0,,,,44.0,792.5,3.0,8.0,G#,240
4560,9.0,,,,41.0,792.5,3.0,5.0,B,150
4561,9.0,,,,36.0,792.5,3.0,0.0,C,0
4565,9.0,,,,44.0,793.0,3.0,8.0,G#,240
4566,9.0,,,,41.0,793.0,3.0,5.0,B,150
4567,9.0,,,,36.0,793.0,3.0,0.0,C,0
4571,9.0,,,,44.0,793.5,3.0,8.0,G#,240
4572,9.0,,,,41.0,793.5,3.0,5.0,B,150
4573,9.0,,,,36.0,793.5,3.0,0.0,C,0
4577,9.0,,,,44.0,794.0,3.0,8.0,G#,240
4578,9.0,,,,41.0,794.0,3.0,5.0,B,150
4579,9.0,,,,36.0,794.0,3.0,0.0,C,0
4583,9.0,,,,44.0,794.5,3.0,8.0,G#,240
4584,9.0,,,,41.0,794.5,3.0,5.0,B,150
4585,9.0,,,,36.0,794.5,3.0,0.0,C,0
4589,9.0,,,,44.0,795.0,3.0,8.0,G#,240
4590,9.0,,,,41.0,795.0,3.0,5.0,B,150
4591,9.0,,,,36.0,795.0,3.0,0.0,C,0
4595,9.0,,,,44.0,795.5,3.0,8.0,G#,240
4596,9.0,,,,41.0,795.5,3.0,5.0,B,150
4597,9.0,,,,36.0,795.5,3.0,0.0,C,0
4601,9.0,,,,44.0,796.0,3.0,8.0,G#,240
4602,9.0,,,,41.0,796.0,3.0,5.0,B,150
4603,9.0,,,,36.0,796.0,3.0,0.0,C,0
4607,9.0,,,,44.0,796.5,3.0,8.0,G#,240
4608,9.0,,,,41.0,796.5,3.0,5.0,B,150
4609,9.0,,,,36.0,796.5,3.0,0.0,C,0
4613,9.0,,,,44.0,797.0,3.0,8.0,G#,240
4614,9.0,,,,41.0,797.0,3.0,5.0,B,150
4615,9.0,,,,36.0,797.0,3.0,0.0,C,0
4619,9.0,,,,44.0,797.5,3.0,8.0,G#,240
4620,9.0,,,,41.0,797.5,3.0,5.0,B,150
4621,9.0,,,,36.0,797.5,3.0,0.0,C,0
4625,9.0,,,,44.0,798.0,3.0,8.0,G#,240
4626,9.0,,,,41.0,798.0,3.0,5.0,B,150
4627,9.0,,,,36.0,798.0,3.0,0.0,C,0
4631,9.0,,,,44.0,798.5,3.0,8.0,G#,240
4632,9.0,,,,41.0,798.5,3.0,5.0,B,150
4633,9.0,,,,36.0,798.5,3.0,0.0,C,0
4637,9.0,,,,44.0,799.0,3.0,8.0,G#,240
4638,9.0,,,,41.0,799.0,3.0,5.0,B,150
4639,9.0,,,,36.0,799.0,3.0,0.0,C,0
4643,9.0,,,,44.0,799.5,3.0,8.0,G#,240
4644,9.0,,,,41.0,799.5,3.0,5.0,B,150
4645,9.0,,,,36.0,799.5,3.0,0.0,C,0
4649,9.0,,,,44.0,800.0,3.0,8.0,G#,240
4650,9.0,,,,41.0,800.0,3.0,5.0,B,150
4651,9.0,,,,36.0,800.0,3.0,0.0,C,0
4655,9.0,,,,44.0,800.5,3.0,8.0,G#,240
4656,9.0,,,,41.0,800.5,3.0,5.0,B,150
4657,9.0,,,,36.0,800.5,3.0,0.0,C,0
4661,9.0,,,,44.0,801.0,3.0,8.0,G#,240
4662,9.0,,,,41.0,801.0,3.0,5.0,B,150
4663,9.0,,,,36.0,801.0,3.0,0.0,C,0
4667,9.0,,,,44.0,801.5,3.0,8.0,G#,240
4668,9.0,,,,41.0,801.5,3.0,5.0,B,150
4669,9.0,,,,36.0,801.5,3.0,0.0,C,0
4673,9.0,,,,44.0,802.0,3.0,8.0,G#,240
4674,9.0,,,,41.0,802.0,3.0,5.0,B,150
4675,9.0,,,,36.0,802.0,3.0,0.0,C,0
4679,9.0,,,,44.0,802.5,3.0,8.0,G#,240
4680,9.0,,,,41.0,802.5,3.0,5.0,B,150
4681,9.0,,,,36.0,802.5,3.0,0.0,C,0
4685,9.0,,,,44.0,803.0,3.0,8.0,G#,240
4686,9.0,,,,41.0,803.0,3.0,5.0,B,150
4687,9.0,,,,36.0,803.0,3.0,0.0,C,0
4691,9.0,,,,44.0,803.5,3.0,8.0,G#,240
4692,9.0,,,,41.0,803.5,3.0,5.0,B,150
4693,9.0,,,,36.0,803.5,3.0,0.0,C,0
4697,9.0,,,,44.0,804.0,3.0,8.0,G#,240
4698,9.0,,,,41.0,804.0,3.0,5.0,B,150
4699,9.0,,,,36.0,804.0,3.0,0.0,C,0
4703,9.0,,,,44.0,804.5,3.0,8.0,G#,240
4704,9.0,,,,41.0,804.5,3.0,5.0,B,150
4705,9.0,,,,36.0,804.5,3.0,0.0,C,0
4709,9.0,,,,44.0,805.0,3.0,8.0,G#,240
4710,9.0,,,,41.0,805.0,3.0,5.0,B,150
4711,9.0,,,,36.0,805.0,3.0,0.0,C,0
4715,9.0,,,,44.0,805.5,3.0,8.0,G#,240
4716,9.0,,,,41.0,805.5,3.0,5.0,B,150
4717,9.0,,,,36.0,805.5,3.0,0.0,C,0
4721,9.0,,,,44.0,806.0,3.0,8.0,G#,240
4722,9.0,,,,41.0,806.0,3.0,5.0,B,150
4723,9.0,,,,36.0,806.0,3.0,0.0,C,0
4727,9.0,,,,44.0,806.5,3.0,8.0,G#,240
4728,9.0,,,,41.0,806.5,3.0,5.0,B,150
4729,9.0,,,,36.0,806.5,3.0,0.0,C,0
4733,9.0,,,,44.0,807.0,3.0,8.0,G#,240
4734,9.0,,,,41.0,807.0,3.0,5.0,B,150
4735,9.0,,,,36.0,807.0,3.0,0.0,C,0
4739,9.0,,,,44.0,807.5,3.0,8.0,G#,240
4740,9.0,,,,41.0,807.5,3.0,5.0,B,150
4741,9.0,,,,36.0,807.5,3.0,0.0,C,0
4745,9.0,,,,44.0,808.0,3.0,8.0,G#,240
4746,9.0,,,,36.0,808.0,3.0,0.0,C,0
4749,9.0,,,,44.0,808.5,3.0,8.0,G#,240
4750,9.0,,,,38.0,808.5,3.0,2.0,D,60
4753,9.0,,,,44.0,809.0,3.0,8.0,G#,240
4754,9.0,,,,36.0,809.0,3.0,0.0,C,0
4757,9.0,,,,44.0,809.5,3.0,8.0,G#,240
4758,9.0,,,,38.0,809.5,3.0,2.0,D,60
4761,9.0,,,,44.0,810.0,3.0,8.0,G#,240
4762,9.0,,,,36.0,810.0,3.0,0.0,C,0
4765,9.0,,,,44.0,810.5,3.0,8.0,G#,240
4766,9.0,,,,38.0,810.5,3.0,2.0,D,60
4769,9.0,,,,44.0,811.0,3.0,8.0,G#,240
4770,9.0,,,,36.0,811.0,3.0,0.0,C,0
4773,9.0,,,,44.0,811.5,3.0,8.0,G#,240
4774,9.0,,,,38.0,811.5,3.0,2.0,D,60
4777,9.0,,,,44.0,812.0,3.0,8.0,G#,240
4778,9.0,,,,36.0,812.0,3.0,0.0,C,0
4781,9.0,,,,44.0,812.5,3.0,8.0,G#,240
4782,9.0,,,,38.0,812.5,3.0,2.0,D,60
4785,9.0,,,,44.0,813.0,3.0,8.0,G#,240
4786,9.0,,,,36.0,813.0,3.0,0.0,C,0
4789,9.0,,,,44.0,813.5,3.0,8.0,G#,240
4790,9.0,,,,38.0,813.5,3.0,2.0,D,60
4793,9.0,,,,44.0,814.0,3.0,8.0,G#,240
4794,9.0,,,,36.0,814.0,3.0,0.0,C,0
4797,9.0,,,,44.0,814.5,3.0,8.0,G#,240
4798,9.0,,,,38.0,814.5,3.0,2.0,D,60
4801,9.0,,,,44.0,815.0,3.0,8.0,G#,240
4802,9.0,,,,36.0,815.0,3.0,0.0,C,0
4805,9.0,,,,44.0,815.5,3.0,8.0,G#,240
4806,9.0,,,,38.0,815.5,3.0,2.0,D,60
4809,9.0,,,,44.0,816.0,3.0,8.0,G#,240
4810,9.0,,,,36.0,816.0,3.0,0.0,C,0
4813,9.0,,,,44.0,816.5,3.0,8.0,G#,240
4814,9.0,,,,38.0,816.5,3.0,2.0,D,60
4817,9.0,,,,44.0,817.0,3.0,8.0,G#,240
4818,9.0,,,,36.0,817.0,3.0,0.0,C,0
4821,9.0,,,,44.0,817.5,3.0,8.0,G#,240
4822,9.0,,,,38.0,817.5,3.0,2.0,D,60
4825,9.0,,,,44.0,818.0,3.0,8.0,G#,240
4826,9.0,,,,36.0,818.0,3.0,0.0,C,0
4829,9.0,,,,44.0,818.5,3.0,8.0,G#,240
4830,9.0,,,,38.0,818.5,3.0,2.0,D,60
4833,9.0,,,,44.0,819.0,3.0,8.0,G#,240
4834,9.0,,,,36.0,819.0,3.0,0.0,C,0
4837,9.0,,,,44.0,819.5,3.0,8.0,G#,240
4838,9.0,,,,38.0,819.5,3.0,2.0,D,60
4841,9.0,,,,44.0,820.0,3.0,8.0,G#,240
4842,9.0,,,,36.0,820.0,3.0,0.0,C,0
4845,9.0,,,,44.0,820.5,3.0,8.0,G#,240
4846,9.0,,,,38.0,820.5,3.0,2.0,D,60
4849,9.0,,,,44.0,821.0,3.0,8.0,G#,240
4850,9.0,,,,36.0,821.0,3.0,0.0,C,0
4853,9.0,,,,44.0,821.5,3.0,8.0,G#,240
4854,9.0,,,,38.0,821.5,3.0,2.0,D,60
4857,9.0,,,,44.0,822.0,3.0,8.0,G#,240
4858,9.0,,,,36.0,822.0,3.0,0.0,C,0
4861,9.0,,,,44.0,822.5,3.0,8.0,G#,240
4862,9.0,,,,38.0,822.5,3.0,2.0,D,60
4865,9.0,,,,44.0,823.0,3.0,8.0,G#,240
4866,9.0,,,,36.0,823.0,3.0,0.0,C,0
4869,9.0,,,,44.0,823.5,3.0,8.0,G#,240
4870,9.0,,,,38.0,823.5,3.0,2.0,D,60
4873,9.0,,,,57.0,824.0,4.0,9.0,D#,270
4874,9.0,,,,36.0,824.0,3.0,0.0,C,0
4877,9.0,,,,42.0,824.5,3.0,6.0,F#,180
4879,9.0,,,,42.0,825.0,3.0,6.0,F#,180
4881,9.0,,,,42.0,825.5,3.0,6.0,F#,180
4883,9.0,,,,57.0,826.0,4.0,9.0,D#,270
4884,9.0,,,,36.0,826.0,3.0,0.0,C,0
4887,9.0,,,,42.0,826.5,3.0,6.0,F#,180
4889,9.0,,,,42.0,827.0,3.0,6.0,F#,180
4891,9.0,,,,42.0,827.5,3.0,6.0,F#,180
4893,9.0,,,,57.0,828.0,4.0,9.0,D#,270
4894,9.0,,,,36.0,828.0,3.0,0.0,C,0
4897,9.0,,,,57.0,828.5,4.0,9.0,D#,270
4898,9.0,,,,38.0,828.5,3.0,2.0,D,60
4901,9.0,,,,57.0,829.0,4.0,9.0,D#,270
4902,9.0,,,,36.0,829.0,3.0,0.0,C,0
4905,9.0,,,,57.0,829.5,4.0,9.0,D#,270
4906,9.0,,,,38.0,829.5,3.0,2.0,D,60
4909,9.0,,,,57.0,830.0,4.0,9.0,D#,270
4910,9.0,,,,36.0,830.0,3.0,0.0,C,0
4913,9.0,,,,57.0,830.5,4.0,9.0,D#,270
4914,9.0,,,,38.0,830.5,3.0,2.0,D,60
4917,9.0,,,,57.0,831.0,4.0,9.0,D#,270
4918,9.0,,,,36.0,831.0,3.0,0.0,C,0
4921,9.0,,,,57.0,831.5,4.0,9.0,D#,270
4922,9.0,,,,38.0,831.5,3.0,2.0,D,60
4925,9.0,,,,57.0,832.0,4.0,9.0,D#,270
4926,9.0,,,,36.0,832.0,3.0,0.0,C,0
4929,9.0,,,,57.0,832.5,4.0,9.0,D#,270
4930,9.0,,,,38.0,832.5,3.0,2.0,D,60
4932,9.0,,,,36.0,832.75,3.0,0.0,C,0
4935,9.0,,,,57.0,833.0,4.0,9.0,D#,270
4936,9.0,,,,36.0,833.0,3.0,0.0,C,0
4939,9.0,,,,57.0,833.5,4.0,9.0,D#,270
4940,9.0,,,,36.0,833.5,3.0,0.0,C,0
4942,9.0,,,,38.0,833.75,3.0,2.0,D,60
4945,9.0,,,,57.0,834.0,4.0,9.0,D#,270
4946,9.0,,,,36.0,834.0,3.0,0.0,C,0
4949,9.0,,,,57.0,834.5,4.0,9.0,D#,270
4950,9.0,,,,38.0,834.5,3.0,2.0,D,60
4953,9.0,,,,57.0,835.0,4.0,9.0,D#,270
4954,9.0,,,,36.0,835.0,3.0,0.0,C,0
4957,9.0,,,,57.0,835.5,4.0,9.0,D#,270
4958,9.0,,,,38.0,835.5,3.0,2.0,D,60
4961,9.0,,,,57.0,836.0,4.0,9.0,D#,270
4962,9.0,,,,36.0,836.0,3.0,0.0,C,0
4965,9.0,,,,57.0,836.5,4.0,9.0,D#,270
4966,9.0,,,,38.0,836.5,3.0,2.0,D,60
4969,9.0,,,,57.0,837.0,4.0,9.0,D#,270
4970,9.0,,,,36.0,837.0,3.0,0.0,C,0
4973,9.0,,,,57.0,837.5,4.0,9.0,D#,270
4974,9.0,,,,38.0,837.5,3.0,2.0,D,60
4977,9.0,,,,57.0,838.0,4.0,9.0,D#,270
4978,9.0,,,,36.0,838.0,3.0,0.0,C,0
4981,9.0,,,,57.0,838.5,4.0,9.0,D#,270
4982,9.0,,,,38.0,838.5,3.0,2.0,D,60
4985,9.0,,,,57.0,839.0,4.0,9.0,D#,270
4986,9.0,,,,36.0,839.0,3.0,0.0,C,0
4989,9.0,,,,57.0,839.5,4.0,9.0,D#,270
4990,9.0,,,,38.0,839.5,3.0,2.0,D,60
4993,9.0,,,,57.0,840.0,4.0,9.0,D#,270
4994,9.0,,,,36.0,840.0,3.0,0.0,C,0
4997,9.0,,,,57.0,840.5,4.0,9.0,D#,270
4998,9.0,,,,38.0,840.5,3.0,2.0,D,60
5000,9.0,,,,36.0,840.75,3.0,0.0,C,0
5003,9.0,,,,57.0,841.0,4.0,9.0,D#,270
5004,9.0,,,,36.0,841.0,3.0,0.0,C,0
5007,9.0,,,,57.0,841.5,4.0,9.0,D#,270
5008,9.0,,,,36.0,841.5,3.0,0.0,C,0
5010,9.0,,,,38.0,841.75,3.0,2.0,D,60
5013,9.0,,,,57.0,842.0,4.0,9.0,D#,270
5014,9.0,,,,36.0,842.0,3.0,0.0,C,0
5017,9.0,,,,57.0,842.5,4.0,9.0,D#,270
5018,9.0,,,,38.0,842.5,3.0,2.0,D,60
5021,9.0,,,,57.0,843.0,4.0,9.0,D#,270
5022,9.0,,,,36.0,843.0,3.0,0.0,C,0
5025,9.0,,,,57.0,843.5,4.0,9.0,D#,270
5026,9.0,,,,38.0,843.5,3.0,2.0,D,60
5029,9.0,,,,57.0,844.0,4.0,9.0,D#,270
5030,9.0,,,,36.0,844.0,3.0,0.0,C,0
