,channel,name,tempo,note_midi_value,note_velocity,note_time,note_seconds,octave,note_value,note_name,angle,prior_midi_note,prior_note_name,prior_octave
8,0.0,,,76.0,64.0,0,0.0,6.0,4.0,E,120,,,
10,0.0,,,76.0,64.0,8,0.041666666666666664,6.0,4.0,E,120,76.0,E,6.0
12,0.0,,,76.0,64.0,40,0.20833333333333331,6.0,4.0,E,120,76.0,E,6.0
14,0.0,,,72.0,64.0,72,0.375,6.0,0.0,C,0,76.0,E,6.0
16,0.0,,,76.0,64.0,80,0.41666666666666663,6.0,4.0,E,120,72.0,C,6.0
18,0.0,,,79.0,64.0,112,0.5833333333333333,6.0,7.0,C#,210,76.0,E,6.0
20,0.0,,,72.0,64.0,288,1.5,6.0,0.0,C,0,79.0,C#,6.0
22,0.0,,,67.0,64.0,344,1.7916666666666665,5.0,7.0,C#,210,72.0,C,6.0
24,0.0,,,64.0,64.0,400,2.083333333333333,5.0,4.0,E,120,67.0,C#,5.0
26,0.0,,,69.0,64.0,456,2.375,5.0,9.0,D#,270,64.0,E,5.0
28,0.0,,,71.0,64.0,488,2.5416666666666665,5.0,11.0,F,330,69.0,D#,5.0
30,0.0,,,70.0,64.0,520,2.708333333333333,5.0,10.0,A#,300,71.0,F,5.0
32,0.0,,,69.0,64.0,528,2.75,5.0,9.0,D#,270,70.0,A#,5.0
34,0.0,,,67.0,64.0,560,2.9166666666666665,5.0,7.0,C#,210,69.0,D#,5.0
36,0.0,,,76.0,64.0,576,3.0,6.0,4.0,E,120,67.0,C#,5.0
38,0.0,,,79.0,64.0,592,3.083333333333333,6.0,7.0,C#,210,76.0,E,6.0
40,0.0,,,81.0,64.0,608,3.1666666666666665,6.0,9.0,D#,270,79.0,C#,6.0
42,0.0,,,77.0,64.0,640,3.333333333333333,6.0,5.0,B,150,81.0,D#,6.0
44,0.0,,,79.0,64.0,648,3.375,6.0,7.0,C#,210,77.0,B,6.0
46,0.0,,,76.0,64.0,680,3.5416666666666665,6.0,4.0,E,120,79.0,C#,6.0
48,0.0,,,72.0,64.0,712,3.708333333333333,6.0,0.0,C,0,76.0,E,6.0
50,0.0,,,74.0,64.0,720,3.75,6.0,2.0,D,60,72.0,C,6.0
52,0.0,,,71.0,64.0,728,3.7916666666666665,5.0,11.0,F,330,74.0,D,6.0
54,0.0,,,72.0,64.0,784,4.083333333333333,6.0,0.0,C,0,71.0,F,5.0
56,0.0,,,67.0,64.0,840,4.375,5.0,7.0,C#,210,72.0,C,6.0
58,0.0,,,64.0,64.0,896,4.666666666666666,5.0,4.0,E,120,67.0,C#,5.0
60,0.0,,,69.0,64.0,952,4.958333333333333,5.0,9.0,D#,270,64.0,E,5.0
62,0.0,,,71.0,64.0,984,5.125,5.0,11.0,F,330,69.0,D#,5.0
64,0.0,,,70.0,64.0,1016,5.291666666666666,5.0,10.0,A#,300,71.0,F,5.0
66,0.0,,,69.0,64.0,1024,5.333333333333333,5.0,9.0,D#,270,70.0,A#,5.0
68,0.0,,,67.0,64.0,1056,5.5,5.0,7.0,C#,210,69.0,D#,5.0
70,0.0,,,76.0,64.0,1072,5.583333333333333,6.0,4.0,E,120,67.0,C#,5.0
72,0.0,,,79.0,64.0,1088,5.666666666666666,6.0,7.0,C#,210,76.0,E,6.0
74,0.0,,,81.0,64.0,1104,5.75,6.0,9.0,D#,270,79.0,C#,6.0
76,0.0,,,77.0,64.0,1136,5.916666666666666,6.0,5.0,B,150,81.0,D#,6.0
78,0.0,,,79.0,64.0,1144,5.958333333333333,6.0,7.0,C#,210,77.0,B,6.0
80,0.0,,,76.0,64.0,1176,6.125,6.0,4.0,E,120,79.0,C#,6.0
82,0.0,,,72.0,64.0,1208,6.291666666666666,6.0,0.0,C,0,76.0,E,6.0
84,0.0,,,74.0,64.0,1216,6.333333333333333,6.0,2.0,D,60,72.0,C,6.0
86,0.0,,,71.0,64.0,1224,6.375,5.0,11.0,F,330,74.0,D,6.0
88,0.0,,,79.0,64.0,1328,6.916666666666666,6.0,7.0,C#,210,71.0,F,5.0
90,0.0,,,78.0,64.0,1336,6.958333333333333,6.0,6.0,F#,180,79.0,C#,6.0
92,0.0,,,77.0,64.0,1344,7.0,6.0,5.0,B,150,78.0,F#,6.0
94,0.0,,,75.0,64.0,1352,7.041666666666666,6.0,3.0,A,90,77.0,B,6.0
96,0.0,,,76.0,64.0,1384,7.208333333333333,6.0,4.0,E,120,75.0,A,6.0
98,0.0,,,68.0,64.0,1416,7.375,5.0,8.0,G#,240,76.0,E,6.0
100,0.0,,,69.0,64.0,1424,7.416666666666666,5.0,9.0,D#,270,68.0,G#,5.0
102,0.0,,,72.0,64.0,1432,7.458333333333333,6.0,0.0,C,0,69.0,D#,5.0
104,0.0,,,69.0,64.0,1464,7.625,5.0,9.0,D#,270,72.0,C,6.0
106,0.0,,,72.0,64.0,1472,7.666666666666666,6.0,0.0,C,0,69.0,D#,5.0
108,0.0,,,74.0,64.0,1480,7.708333333333333,6.0,2.0,D,60,72.0,C,6.0
110,0.0,,,79.0,64.0,1536,8.0,6.0,7.0,C#,210,74.0,D,6.0
112,0.0,,,78.0,64.0,1544,8.041666666666666,6.0,6.0,F#,180,79.0,C#,6.0
114,0.0,,,77.0,64.0,1552,8.083333333333332,6.0,5.0,B,150,78.0,F#,6.0
116,0.0,,,75.0,64.0,1560,8.125,6.0,3.0,A,90,77.0,B,6.0
118,0.0,,,76.0,64.0,1592,8.291666666666666,6.0,4.0,E,120,75.0,A,6.0
120,0.0,,,84.0,64.0,1624,8.458333333333332,7.0,0.0,C,0,76.0,E,6.0
122,0.0,,,84.0,64.0,1656,8.625,7.0,0.0,C,0,84.0,C,7.0
124,0.0,,,84.0,64.0,1664,8.666666666666666,7.0,0.0,C,0,84.0,C,7.0
126,0.0,,,79.0,64.0,1792,9.333333333333332,6.0,7.0,C#,210,84.0,C,7.0
128,0.0,,,78.0,64.0,1800,9.375,6.0,6.0,F#,180,79.0,C#,6.0
130,0.0,,,77.0,64.0,1808,9.416666666666666,6.0,5.0,B,150,78.0,F#,6.0
132,0.0,,,75.0,64.0,1816,9.458333333333332,6.0,3.0,A,90,77.0,B,6.0
134,0.0,,,76.0,64.0,1848,9.625,6.0,4.0,E,120,75.0,A,6.0
136,0.0,,,68.0,64.0,1880,9.791666666666666,5.0,8.0,G#,240,76.0,E,6.0
138,0.0,,,69.0,64.0,1888,9.833333333333332,5.0,9.0,D#,270,68.0,G#,5.0
140,0.0,,,72.0,64.0,1896,9.875,6.0,0.0,C,0,69.0,D#,5.0
142,0.0,,,69.0,64.0,1928,10.041666666666666,5.0,9.0,D#,270,72.0,C,6.0
144,0.0,,,72.0,64.0,1936,10.083333333333332,6.0,0.0,C,0,69.0,D#,5.0
146,0.0,,,74.0,64.0,1944,10.125,6.0,2.0,D,60,72.0,C,6.0
148,0.0,,,75.0,64.0,2000,10.416666666666666,6.0,3.0,A,90,74.0,D,6.0
150,0.0,,,74.0,64.0,2056,10.708333333333332,6.0,2.0,D,60,75.0,A,6.0
152,0.0,,,72.0,64.0,2112,11.0,6.0,0.0,C,0,74.0,D,6.0
154,0.0,,,79.0,64.0,2336,12.166666666666666,6.0,7.0,C#,210,72.0,C,6.0
156,0.0,,,78.0,64.0,2344,12.208333333333332,6.0,6.0,F#,180,79.0,C#,6.0
158,0.0,,,77.0,64.0,2352,12.25,6.0,5.0,B,150,78.0,F#,6.0
160,0.0,,,75.0,64.0,2360,12.291666666666666,6.0,3.0,A,90,77.0,B,6.0
162,0.0,,,76.0,64.0,2392,12.458333333333332,6.0,4.0,E,120,75.0,A,6.0
164,0.0,,,68.0,64.0,2424,12.625,5.0,8.0,G#,240,76.0,E,6.0
166,0.0,,,69.0,64.0,2432,12.666666666666666,5.0,9.0,D#,270,68.0,G#,5.0
168,0.0,,,72.0,64.0,2440,12.708333333333332,6.0,0.0,C,0,69.0,D#,5.0
170,0.0,,,69.0,64.0,2472,12.875,5.0,9.0,D#,270,72.0,C,6.0
172,0.0,,,72.0,64.0,2480,12.916666666666666,6.0,0.0,C,0,69.0,D#,5.0
174,0.0,,,74.0,64.0,2488,12.958333333333332,6.0,2.0,D,60,72.0,C,6.0
176,0.0,,,79.0,64.0,2544,13.25,6.0,7.0,C#,210,74.0,D,6.0
178,0.0,,,78.0,64.0,2552,13.291666666666666,6.0,6.0,F#,180,79.0,C#,6.0
180,0.0,,,77.0,64.0,2560,13.333333333333332,6.0,5.0,B,150,78.0,F#,6.0
182,0.0,,,75.0,64.0,2568,13.375,6.0,3.0,A,90,77.0,B,6.0
184,0.0,,,76.0,64.0,2600,13.541666666666666,6.0,4.0,E,120,75.0,A,6.0
186,0.0,,,84.0,64.0,2632,13.708333333333332,7.0,0.0,C,0,76.0,E,6.0
188,0.0,,,84.0,64.0,2664,13.875,7.0,0.0,C,0,84.0,C,7.0
190,0.0,,,84.0,64.0,2672,13.916666666666666,7.0,0.0,C,0,84.0,C,7.0
192,0.0,,,79.0,64.0,2800,14.583333333333332,6.0,7.0,C#,210,84.0,C,7.0
194,0.0,,,78.0,64.0,2808,14.625,6.0,6.0,F#,180,79.0,C#,6.0
196,0.0,,,77.0,64.0,2816,14.666666666666666,6.0,5.0,B,150,78.0,F#,6.0
198,0.0,,,75.0,64.0,2824,14.708333333333332,6.0,3.0,A,90,77.0,B,6.0
200,0.0,,,76.0,64.0,2856,14.875,6.0,4.0,E,120,75.0,A,6.0
202,0.0,,,68.0,64.0,2888,15.041666666666666,5.0,8.0,G#,240,76.0,E,6.0
204,0.0,,,69.0,64.0,2896,15.083333333333332,5.0,9.0,D#,270,68.0,G#,5.0
206,0.0,,,72.0,64.0,2904,15.125,6.0,0.0,C,0,69.0,D#,5.0
208,0.0,,,69.0,64.0,2936,15.291666666666666,5.0,9.0,D#,270,72.0,C,6.0
210,0.0,,,72.0,64.0,2944,15.333333333333332,6.0,0.0,C,0,69.0,D#,5.0
212,0.0,,,74.0,64.0,2952,15.375,6.0,2.0,D,60,72.0,C,6.0
214,0.0,,,75.0,64.0,3008,15.666666666666666,6.0,3.0,A,90,74.0,D,6.0
216,0.0,,,74.0,64.0,3064,15.958333333333332,6.0,2.0,D,60,75.0,A,6.0
218,0.0,,,72.0,64.0,3120,16.25,6.0,0.0,C,0,74.0,D,6.0
220,0.0,,,72.0,64.0,3296,17.166666666666664,6.0,0.0,C,0,72.0,C,6.0
222,0.0,,,72.0,64.0,3304,17.208333333333332,6.0,0.0,C,0,72.0,C,6.0
224,0.0,,,72.0,64.0,3336,17.375,6.0,0.0,C,0,72.0,C,6.0
226,0.0,,,72.0,64.0,3368,17.541666666666664,6.0,0.0,C,0,72.0,C,6.0
228,0.0,,,74.0,64.0,3376,17.583333333333332,6.0,2.0,D,60,72.0,C,6.0
230,0.0,,,76.0,64.0,3408,17.75,6.0,4.0,E,120,74.0,D,6.0
232,0.0,,,72.0,64.0,3416,17.791666666666664,6.0,0.0,C,0,76.0,E,6.0
234,0.0,,,69.0,64.0,3448,17.958333333333332,5.0,9.0,D#,270,72.0,C,6.0
236,0.0,,,67.0,64.0,3456,18.0,5.0,7.0,C#,210,69.0,D#,5.0
238,0.0,,,72.0,64.0,3536,18.416666666666664,6.0,0.0,C,0,67.0,C#,5.0
240,0.0,,,72.0,64.0,3544,18.458333333333332,6.0,0.0,C,0,72.0,C,6.0
242,0.0,,,72.0,64.0,3576,18.625,6.0,0.0,C,0,72.0,C,6.0
244,0.0,,,72.0,64.0,3608,18.791666666666664,6.0,0.0,C,0,72.0,C,6.0
246,0.0,,,74.0,64.0,3616,18.833333333333332,6.0,2.0,D,60,72.0,C,6.0
248,0.0,,,76.0,64.0,3624,18.875,6.0,4.0,E,120,74.0,D,6.0
250,0.0,,,72.0,64.0,3824,19.916666666666664,6.0,0.0,C,0,76.0,E,6.0
252,0.0,,,72.0,64.0,3832,19.958333333333332,6.0,0.0,C,0,72.0,C,6.0
254,0.0,,,72.0,64.0,3864,20.125,6.0,0.0,C,0,72.0,C,6.0
256,0.0,,,72.0,64.0,3896,20.291666666666664,6.0,0.0,C,0,72.0,C,6.0
258,0.0,,,74.0,64.0,3904,20.333333333333332,6.0,2.0,D,60,72.0,C,6.0
260,0.0,,,76.0,64.0,3936,20.5,6.0,4.0,E,120,74.0,D,6.0
262,0.0,,,72.0,64.0,3944,20.541666666666664,6.0,0.0,C,0,76.0,E,6.0
264,0.0,,,69.0,64.0,3976,20.708333333333332,5.0,9.0,D#,270,72.0,C,6.0
266,0.0,,,67.0,64.0,3984,20.75,5.0,7.0,C#,210,69.0,D#,5.0
268,0.0,,,76.0,64.0,4064,21.166666666666664,6.0,4.0,E,120,67.0,C#,5.0
270,0.0,,,76.0,64.0,4072,21.208333333333332,6.0,4.0,E,120,76.0,E,6.0
272,0.0,,,76.0,64.0,4104,21.375,6.0,4.0,E,120,76.0,E,6.0
274,0.0,,,72.0,64.0,4136,21.541666666666664,6.0,0.0,C,0,76.0,E,6.0
276,0.0,,,76.0,64.0,4144,21.583333333333332,6.0,4.0,E,120,72.0,C,6.0
278,0.0,,,79.0,64.0,4176,21.75,6.0,7.0,C#,210,76.0,E,6.0
280,0.0,,,72.0,64.0,4352,22.666666666666664,6.0,0.0,C,0,79.0,C#,6.0
282,0.0,,,67.0,64.0,4408,22.958333333333332,5.0,7.0,C#,210,72.0,C,6.0
284,0.0,,,64.0,64.0,4464,23.25,5.0,4.0,E,120,67.0,C#,5.0
286,0.0,,,69.0,64.0,4520,23.541666666666664,5.0,9.0,D#,270,64.0,E,5.0
288,0.0,,,71.0,64.0,4552,23.708333333333332,5.0,11.0,F,330,69.0,D#,5.0
290,0.0,,,70.0,64.0,4584,23.875,5.0,10.0,A#,300,71.0,F,5.0
292,0.0,,,69.0,64.0,4592,23.916666666666664,5.0,9.0,D#,270,70.0,A#,5.0
294,0.0,,,67.0,64.0,4624,24.083333333333332,5.0,7.0,C#,210,69.0,D#,5.0
296,0.0,,,76.0,64.0,4640,24.166666666666664,6.0,4.0,E,120,67.0,C#,5.0
298,0.0,,,79.0,64.0,4656,24.25,6.0,7.0,C#,210,76.0,E,6.0
300,0.0,,,81.0,64.0,4672,24.333333333333332,6.0,9.0,D#,270,79.0,C#,6.0
302,0.0,,,77.0,64.0,4704,24.5,6.0,5.0,B,150,81.0,D#,6.0
304,0.0,,,79.0,64.0,4712,24.541666666666664,6.0,7.0,C#,210,77.0,B,6.0
306,0.0,,,76.0,64.0,4744,24.708333333333332,6.0,4.0,E,120,79.0,C#,6.0
308,0.0,,,72.0,64.0,4776,24.875,6.0,0.0,C,0,76.0,E,6.0
310,0.0,,,74.0,64.0,4784,24.916666666666664,6.0,2.0,D,60,72.0,C,6.0
312,0.0,,,71.0,64.0,4792,24.958333333333332,5.0,11.0,F,330,74.0,D,6.0
314,0.0,,,72.0,64.0,4848,25.25,6.0,0.0,C,0,71.0,F,5.0
316,0.0,,,67.0,64.0,4904,25.541666666666664,5.0,7.0,C#,210,72.0,C,6.0
318,0.0,,,64.0,64.0,4960,25.833333333333332,5.0,4.0,E,120,67.0,C#,5.0
320,0.0,,,69.0,64.0,5016,26.125,5.0,9.0,D#,270,64.0,E,5.0
322,0.0,,,71.0,64.0,5048,26.291666666666664,5.0,11.0,F,330,69.0,D#,5.0
324,0.0,,,70.0,64.0,5080,26.458333333333332,5.0,10.0,A#,300,71.0,F,5.0
326,0.0,,,69.0,64.0,5088,26.5,5.0,9.0,D#,270,70.0,A#,5.0
328,0.0,,,67.0,64.0,5120,26.666666666666664,5.0,7.0,C#,210,69.0,D#,5.0
330,0.0,,,76.0,64.0,5136,26.75,6.0,4.0,E,120,67.0,C#,5.0
332,0.0,,,79.0,64.0,5152,26.833333333333332,6.0,7.0,C#,210,76.0,E,6.0
334,0.0,,,81.0,64.0,5168,26.916666666666664,6.0,9.0,D#,270,79.0,C#,6.0
336,0.0,,,77.0,64.0,5200,27.083333333333332,6.0,5.0,B,150,81.0,D#,6.0
338,0.0,,,79.0,64.0,5208,27.125,6.0,7.0,C#,210,77.0,B,6.0
340,0.0,,,76.0,64.0,5240,27.291666666666664,6.0,4.0,E,120,79.0,C#,6.0
342,0.0,,,72.0,64.0,5272,27.458333333333332,6.0,0.0,C,0,76.0,E,6.0
344,0.0,,,74.0,64.0,5280,27.5,6.0,2.0,D,60,72.0,C,6.0
346,0.0,,,71.0,64.0,5288,27.541666666666664,5.0,11.0,F,330,74.0,D,6.0
348,0.0,,,76.0,64.0,5344,27.833333333333332,6.0,4.0,E,120,71.0,F,5.0
350,0.0,,,72.0,64.0,5352,27.875,6.0,0.0,C,0,76.0,E,6.0
352,0.0,,,67.0,64.0,5384,28.041666666666664,5.0,7.0,C#,210,72.0,C,6.0
354,0.0,,,68.0,64.0,5440,28.333333333333332,5.0,8.0,G#,240,67.0,C#,5.0
356,0.0,,,69.0,64.0,5472,28.5,5.0,9.0,D#,270,68.0,G#,5.0
358,0.0,,,77.0,64.0,5480,28.541666666666664,6.0,5.0,B,150,69.0,D#,5.0
360,0.0,,,77.0,64.0,5512,28.708333333333332,6.0,5.0,B,150,77.0,B,6.0
362,0.0,,,69.0,64.0,5520,28.75,5.0,9.0,D#,270,77.0,B,6.0
364,0.0,,,71.0,64.0,5600,29.166666666666664,5.0,11.0,F,330,69.0,D#,5.0
366,0.0,,,81.0,64.0,5616,29.25,6.0,9.0,D#,270,71.0,F,5.0
368,0.0,,,81.0,64.0,5632,29.333333333333332,6.0,9.0,D#,270,81.0,D#,6.0
370,0.0,,,81.0,64.0,5648,29.416666666666664,6.0,9.0,D#,270,81.0,D#,6.0
372,0.0,,,79.0,64.0,5664,29.5,6.0,7.0,C#,210,81.0,D#,6.0
374,0.0,,,77.0,64.0,5680,29.583333333333332,6.0,5.0,B,150,79.0,C#,6.0
376,0.0,,,76.0,64.0,5696,29.666666666666664,6.0,4.0,E,120,77.0,B,6.0
378,0.0,,,72.0,64.0,5704,29.708333333333332,6.0,0.0,C,0,76.0,E,6.0
380,0.0,,,69.0,64.0,5736,29.875,5.0,9.0,D#,270,72.0,C,6.0
382,0.0,,,67.0,64.0,5744,29.916666666666664,5.0,7.0,C#,210,69.0,D#,5.0
384,0.0,,,76.0,64.0,5824,30.333333333333332,6.0,4.0,E,120,67.0,C#,5.0
386,0.0,,,72.0,64.0,5832,30.375,6.0,0.0,C,0,76.0,E,6.0
388,0.0,,,67.0,64.0,5864,30.541666666666664,5.0,7.0,C#,210,72.0,C,6.0
390,0.0,,,68.0,64.0,5920,30.833333333333332,5.0,8.0,G#,240,67.0,C#,5.0
392,0.0,,,69.0,64.0,5952,31.0,5.0,9.0,D#,270,68.0,G#,5.0
394,0.0,,,77.0,64.0,5960,31.041666666666664,6.0,5.0,B,150,69.0,D#,5.0
396,0.0,,,77.0,64.0,5992,31.208333333333332,6.0,5.0,B,150,77.0,B,6.0
398,0.0,,,69.0,64.0,6000,31.25,5.0,9.0,D#,270,77.0,B,6.0
400,0.0,,,71.0,64.0,6080,31.666666666666664,5.0,11.0,F,330,69.0,D#,5.0
402,0.0,,,77.0,64.0,6088,31.708333333333332,6.0,5.0,B,150,71.0,F,5.0
404,0.0,,,77.0,64.0,6120,31.875,6.0,5.0,B,150,77.0,B,6.0
406,0.0,,,77.0,64.0,6128,31.916666666666664,6.0,5.0,B,150,77.0,B,6.0
408,0.0,,,76.0,64.0,6144,32.0,6.0,4.0,E,120,77.0,B,6.0
410,0.0,,,74.0,64.0,6160,32.08333333333333,6.0,2.0,D,60,76.0,E,6.0
412,0.0,,,72.0,64.0,6176,32.166666666666664,6.0,0.0,C,0,74.0,D,6.0
414,0.0,,,76.0,64.0,6352,33.08333333333333,6.0,4.0,E,120,72.0,C,6.0
416,0.0,,,72.0,64.0,6360,33.125,6.0,0.0,C,0,76.0,E,6.0
418,0.0,,,67.0,64.0,6392,33.291666666666664,5.0,7.0,C#,210,72.0,C,6.0
420,0.0,,,68.0,64.0,6448,33.58333333333333,5.0,8.0,G#,240,67.0,C#,5.0
422,0.0,,,69.0,64.0,6480,33.75,5.0,9.0,D#,270,68.0,G#,5.0
424,0.0,,,77.0,64.0,6488,33.791666666666664,6.0,5.0,B,150,69.0,D#,5.0
426,0.0,,,77.0,64.0,6520,33.95833333333333,6.0,5.0,B,150,77.0,B,6.0
428,0.0,,,69.0,64.0,6528,34.0,5.0,9.0,D#,270,77.0,B,6.0
430,0.0,,,71.0,64.0,6608,34.416666666666664,5.0,11.0,F,330,69.0,D#,5.0
432,0.0,,,81.0,64.0,6624,34.5,6.0,9.0,D#,270,71.0,F,5.0
434,0.0,,,81.0,64.0,6640,34.58333333333333,6.0,9.0,D#,270,81.0,D#,6.0
436,0.0,,,81.0,64.0,6656,34.666666666666664,6.0,9.0,D#,270,81.0,D#,6.0
438,0.0,,,79.0,64.0,6672,34.75,6.0,7.0,C#,210,81.0,D#,6.0
440,0.0,,,77.0,64.0,6688,34.83333333333333,6.0,5.0,B,150,79.0,C#,6.0
442,0.0,,,76.0,64.0,6704,34.916666666666664,6.0,4.0,E,120,77.0,B,6.0
444,0.0,,,72.0,64.0,6712,34.95833333333333,6.0,0.0,C,0,76.0,E,6.0
446,0.0,,,69.0,64.0,6744,35.125,5.0,9.0,D#,270,72.0,C,6.0
448,0.0,,,67.0,64.0,6752,35.166666666666664,5.0,7.0,C#,210,69.0,D#,5.0
450,0.0,,,76.0,64.0,6832,35.58333333333333,6.0,4.0,E,120,67.0,C#,5.0
452,0.0,,,72.0,64.0,6840,35.625,6.0,0.0,C,0,76.0,E,6.0
454,0.0,,,67.0,64.0,6872,35.791666666666664,5.0,7.0,C#,210,72.0,C,6.0
456,0.0,,,68.0,64.0,6928,36.08333333333333,5.0,8.0,G#,240,67.0,C#,5.0
458,0.0,,,69.0,64.0,6960,36.25,5.0,9.0,D#,270,68.0,G#,5.0
460,0.0,,,77.0,64.0,6968,36.291666666666664,6.0,5.0,B,150,69.0,D#,5.0
462,0.0,,,77.0,64.0,7000,36.45833333333333,6.0,5.0,B,150,77.0,B,6.0
464,0.0,,,69.0,64.0,7008,36.5,5.0,9.0,D#,270,77.0,B,6.0
466,0.0,,,71.0,64.0,7088,36.916666666666664,5.0,11.0,F,330,69.0,D#,5.0
468,0.0,,,77.0,64.0,7096,36.95833333333333,6.0,5.0,B,150,71.0,F,5.0
470,0.0,,,77.0,64.0,7128,37.125,6.0,5.0,B,150,77.0,B,6.0
472,0.0,,,77.0,64.0,7136,37.166666666666664,6.0,5.0,B,150,77.0,B,6.0
474,0.0,,,76.0,64.0,7152,37.25,6.0,4.0,E,120,77.0,B,6.0
476,0.0,,,74.0,64.0,7168,37.33333333333333,6.0,2.0,D,60,76.0,E,6.0
478,0.0,,,72.0,64.0,7184,37.416666666666664,6.0,0.0,C,0,74.0,D,6.0
480,0.0,,,72.0,64.0,7360,38.33333333333333,6.0,0.0,C,0,72.0,C,6.0
482,0.0,,,72.0,64.0,7368,38.375,6.0,0.0,C,0,72.0,C,6.0
484,0.0,,,72.0,64.0,7400,38.541666666666664,6.0,0.0,C,0,72.0,C,6.0
486,0.0,,,72.0,64.0,7432,38.70833333333333,6.0,0.0,C,0,72.0,C,6.0
488,0.0,,,74.0,64.0,7440,38.75,6.0,2.0,D,60,72.0,C,6.0
490,0.0,,,76.0,64.0,7472,38.916666666666664,6.0,4.0,E,120,74.0,D,6.0
492,0.0,,,72.0,64.0,7480,38.95833333333333,6.0,0.0,C,0,76.0,E,6.0
494,0.0,,,69.0,64.0,7512,39.125,5.0,9.0,D#,270,72.0,C,6.0
496,0.0,,,67.0,64.0,7520,39.166666666666664,5.0,7.0,C#,210,69.0,D#,5.0
498,0.0,,,72.0,64.0,7600,39.58333333333333,6.0,0.0,C,0,67.0,C#,5.0
500,0.0,,,72.0,64.0,7608,39.625,6.0,0.0,C,0,72.0,C,6.0
502,0.0,,,72.0,64.0,7640,39.791666666666664,6.0,0.0,C,0,72.0,C,6.0
504,0.0,,,72.0,64.0,7672,39.95833333333333,6.0,0.0,C,0,72.0,C,6.0
506,0.0,,,74.0,64.0,7680,40.0,6.0,2.0,D,60,72.0,C,6.0
508,0.0,,,76.0,64.0,7688,40.041666666666664,6.0,4.0,E,120,74.0,D,6.0
510,0.0,,,72.0,64.0,7888,41.08333333333333,6.0,0.0,C,0,76.0,E,6.0
512,0.0,,,72.0,64.0,7896,41.125,6.0,0.0,C,0,72.0,C,6.0
514,0.0,,,72.0,64.0,7928,41.291666666666664,6.0,0.0,C,0,72.0,C,6.0
516,0.0,,,72.0,64.0,7960,41.45833333333333,6.0,0.0,C,0,72.0,C,6.0
518,0.0,,,74.0,64.0,7968,41.5,6.0,2.0,D,60,72.0,C,6.0
520,0.0,,,76.0,64.0,8000,41.666666666666664,6.0,4.0,E,120,74.0,D,6.0
522,0.0,,,72.0,64.0,8008,41.70833333333333,6.0,0.0,C,0,76.0,E,6.0
524,0.0,,,69.0,64.0,8040,41.875,5.0,9.0,D#,270,72.0,C,6.0
526,0.0,,,67.0,64.0,8048,41.916666666666664,5.0,7.0,C#,210,69.0,D#,5.0
528,0.0,,,76.0,64.0,8128,42.33333333333333,6.0,4.0,E,120,67.0,C#,5.0
530,0.0,,,76.0,64.0,8136,42.375,6.0,4.0,E,120,76.0,E,6.0
532,0.0,,,76.0,64.0,8168,42.541666666666664,6.0,4.0,E,120,76.0,E,6.0
534,0.0,,,72.0,64.0,8200,42.70833333333333,6.0,0.0,C,0,76.0,E,6.0
536,0.0,,,76.0,64.0,8208,42.75,6.0,4.0,E,120,72.0,C,6.0
538,0.0,,,79.0,64.0,8240,42.916666666666664,6.0,7.0,C#,210,76.0,E,6.0
540,0.0,,,76.0,64.0,8416,43.83333333333333,6.0,4.0,E,120,79.0,C#,6.0
542,0.0,,,72.0,64.0,8424,43.875,6.0,0.0,C,0,76.0,E,6.0
544,0.0,,,67.0,64.0,8456,44.041666666666664,5.0,7.0,C#,210,72.0,C,6.0
546,0.0,,,68.0,64.0,8512,44.33333333333333,5.0,8.0,G#,240,67.0,C#,5.0
548,0.0,,,69.0,64.0,8544,44.5,5.0,9.0,D#,270,68.0,G#,5.0
550,0.0,,,77.0,64.0,8552,44.541666666666664,6.0,5.0,B,150,69.0,D#,5.0
552,0.0,,,77.0,64.0,8584,44.70833333333333,6.0,5.0,B,150,77.0,B,6.0
554,0.0,,,69.0,64.0,8592,44.75,5.0,9.0,D#,270,77.0,B,6.0
556,0.0,,,71.0,64.0,8672,45.166666666666664,5.0,11.0,F,330,69.0,D#,5.0
558,0.0,,,81.0,64.0,8688,45.25,6.0,9.0,D#,270,71.0,F,5.0
560,0.0,,,81.0,64.0,8704,45.33333333333333,6.0,9.0,D#,270,81.0,D#,6.0
562,0.0,,,81.0,64.0,8720,45.416666666666664,6.0,9.0,D#,270,81.0,D#,6.0
564,0.0,,,79.0,64.0,8736,45.5,6.0,7.0,C#,210,81.0,D#,6.0
566,0.0,,,77.0,64.0,8752,45.58333333333333,6.0,5.0,B,150,79.0,C#,6.0
568,0.0,,,76.0,64.0,8768,45.666666666666664,6.0,4.0,E,120,77.0,B,6.0
570,0.0,,,72.0,64.0,8776,45.70833333333333,6.0,0.0,C,0,76.0,E,6.0
572,0.0,,,69.0,64.0,8808,45.875,5.0,9.0,D#,270,72.0,C,6.0
574,0.0,,,67.0,64.0,8816,45.916666666666664,5.0,7.0,C#,210,69.0,D#,5.0
576,0.0,,,76.0,64.0,8896,46.33333333333333,6.0,4.0,E,120,67.0,C#,5.0
578,0.0,,,72.0,64.0,8904,46.375,6.0,0.0,C,0,76.0,E,6.0
580,0.0,,,67.0,64.0,8936,46.541666666666664,5.0,7.0,C#,210,72.0,C,6.0
582,0.0,,,68.0,64.0,8992,46.83333333333333,5.0,8.0,G#,240,67.0,C#,5.0
584,0.0,,,69.0,64.0,9024,47.0,5.0,9.0,D#,270,68.0,G#,5.0
586,0.0,,,77.0,64.0,9032,47.041666666666664,6.0,5.0,B,150,69.0,D#,5.0
588,0.0,,,77.0,64.0,9064,47.20833333333333,6.0,5.0,B,150,77.0,B,6.0
590,0.0,,,69.0,64.0,9072,47.25,5.0,9.0,D#,270,77.0,B,6.0
592,0.0,,,71.0,64.0,9152,47.666666666666664,5.0,11.0,F,330,69.0,D#,5.0
594,0.0,,,77.0,64.0,9160,47.70833333333333,6.0,5.0,B,150,71.0,F,5.0
596,0.0,,,77.0,64.0,9192,47.875,6.0,5.0,B,150,77.0,B,6.0
598,0.0,,,77.0,64.0,9200,47.916666666666664,6.0,5.0,B,150,77.0,B,6.0
600,0.0,,,76.0,64.0,9216,48.0,6.0,4.0,E,120,77.0,B,6.0
602,0.0,,,74.0,64.0,9232,48.08333333333333,6.0,2.0,D,60,76.0,E,6.0
604,0.0,,,72.0,64.0,9248,48.166666666666664,6.0,0.0,C,0,74.0,D,6.0
612,1.0,,,66.0,64.0,9248,48.166666666666664,5.0,6.0,F#,180,72.0,C,6.0
614,1.0,,,66.0,64.0,9256,48.20833333333333,5.0,6.0,F#,180,66.0,F#,5.0
616,1.0,,,66.0,64.0,9288,48.375,5.0,6.0,F#,180,66.0,F#,5.0
618,1.0,,,66.0,64.0,9320,48.541666666666664,5.0,6.0,F#,180,66.0,F#,5.0
620,1.0,,,66.0,64.0,9328,48.58333333333333,5.0,6.0,F#,180,66.0,F#,5.0
622,1.0,,,71.0,64.0,9360,48.75,5.0,11.0,F,330,66.0,F#,5.0
624,1.0,,,67.0,64.0,9440,49.166666666666664,5.0,7.0,C#,210,71.0,F,5.0
626,1.0,,,64.0,64.0,9520,49.58333333333333,5.0,4.0,E,120,67.0,C#,5.0
628,1.0,,,60.0,64.0,9576,49.875,5.0,0.0,C,0,64.0,E,5.0
630,1.0,,,55.0,64.0,9632,50.166666666666664,4.0,7.0,C#,210,60.0,C,5.0
632,1.0,,,60.0,64.0,9688,50.45833333333333,5.0,0.0,C,0,55.0,C#,4.0
634,1.0,,,62.0,64.0,9720,50.625,5.0,2.0,D,60,60.0,C,5.0
636,1.0,,,61.0,64.0,9752,50.791666666666664,5.0,1.0,G,30,62.0,D,5.0
638,1.0,,,60.0,64.0,9760,50.83333333333333,5.0,0.0,C,0,61.0,G,5.0
640,1.0,,,60.0,64.0,9792,51.0,5.0,0.0,C,0,60.0,C,5.0
642,1.0,,,67.0,64.0,9808,51.08333333333333,5.0,7.0,C#,210,60.0,C,5.0
644,1.0,,,71.0,64.0,9824,51.166666666666664,5.0,11.0,F,330,67.0,C#,5.0
646,1.0,,,72.0,64.0,9840,51.25,6.0,0.0,C,0,71.0,F,5.0
648,1.0,,,69.0,64.0,9872,51.416666666666664,5.0,9.0,D#,270,72.0,C,6.0
650,1.0,,,71.0,64.0,9880,51.45833333333333,5.0,11.0,F,330,69.0,D#,5.0
652,1.0,,,69.0,64.0,9912,51.625,5.0,9.0,D#,270,71.0,F,5.0
654,1.0,,,64.0,64.0,9944,51.791666666666664,5.0,4.0,E,120,69.0,D#,5.0
656,1.0,,,65.0,64.0,9952,51.83333333333333,5.0,5.0,B,150,64.0,E,5.0
658,1.0,,,62.0,64.0,9960,51.875,5.0,2.0,D,60,65.0,B,5.0
660,1.0,,,64.0,64.0,10016,52.166666666666664,5.0,4.0,E,120,62.0,D,5.0
662,1.0,,,60.0,64.0,10072,52.45833333333333,5.0,0.0,C,0,64.0,E,5.0
664,1.0,,,55.0,64.0,10128,52.75,4.0,7.0,C#,210,60.0,C,5.0
666,1.0,,,60.0,64.0,10184,53.041666666666664,5.0,0.0,C,0,55.0,C#,4.0
668,1.0,,,62.0,64.0,10216,53.20833333333333,5.0,2.0,D,60,60.0,C,5.0
670,1.0,,,61.0,64.0,10248,53.375,5.0,1.0,G,30,62.0,D,5.0
672,1.0,,,60.0,64.0,10256,53.416666666666664,5.0,0.0,C,0,61.0,G,5.0
674,1.0,,,60.0,64.0,10288,53.58333333333333,5.0,0.0,C,0,60.0,C,5.0
676,1.0,,,67.0,64.0,10304,53.666666666666664,5.0,7.0,C#,210,60.0,C,5.0
678,1.0,,,71.0,64.0,10320,53.75,5.0,11.0,F,330,67.0,C#,5.0
680,1.0,,,72.0,64.0,10336,53.83333333333333,6.0,0.0,C,0,71.0,F,5.0
682,1.0,,,69.0,64.0,10368,54.0,5.0,9.0,D#,270,72.0,C,6.0
684,1.0,,,71.0,64.0,10376,54.041666666666664,5.0,11.0,F,330,69.0,D#,5.0
686,1.0,,,69.0,64.0,10408,54.20833333333333,5.0,9.0,D#,270,71.0,F,5.0
688,1.0,,,64.0,64.0,10440,54.375,5.0,4.0,E,120,69.0,D#,5.0
690,1.0,,,65.0,64.0,10448,54.416666666666664,5.0,5.0,B,150,64.0,E,5.0
692,1.0,,,62.0,64.0,10456,54.45833333333333,5.0,2.0,D,60,65.0,B,5.0
694,1.0,,,76.0,64.0,10560,55.0,6.0,4.0,E,120,62.0,D,5.0
696,1.0,,,75.0,64.0,10568,55.041666666666664,6.0,3.0,A,90,76.0,E,6.0
698,1.0,,,74.0,64.0,10576,55.08333333333333,6.0,2.0,D,60,75.0,A,6.0
700,1.0,,,71.0,64.0,10584,55.125,5.0,11.0,F,330,74.0,D,6.0
702,1.0,,,72.0,64.0,10616,55.291666666666664,6.0,0.0,C,0,71.0,F,5.0
704,1.0,,,64.0,64.0,10648,55.45833333333333,5.0,4.0,E,120,72.0,C,6.0
706,1.0,,,65.0,64.0,10656,55.5,5.0,5.0,B,150,64.0,E,5.0
708,1.0,,,67.0,64.0,10664,55.541666666666664,5.0,7.0,C#,210,65.0,B,5.0
710,1.0,,,60.0,64.0,10696,55.70833333333333,5.0,0.0,C,0,67.0,C#,5.0
712,1.0,,,64.0,64.0,10704,55.75,5.0,4.0,E,120,60.0,C,5.0
714,1.0,,,65.0,64.0,10712,55.791666666666664,5.0,5.0,B,150,64.0,E,5.0
716,1.0,,,76.0,64.0,10768,56.08333333333333,6.0,4.0,E,120,65.0,B,5.0
718,1.0,,,75.0,64.0,10776,56.125,6.0,3.0,A,90,76.0,E,6.0
720,1.0,,,74.0,64.0,10784,56.166666666666664,6.0,2.0,D,60,75.0,A,6.0
722,1.0,,,71.0,64.0,10792,56.20833333333333,5.0,11.0,F,330,74.0,D,6.0
724,1.0,,,72.0,64.0,10824,56.375,6.0,0.0,C,0,71.0,F,5.0
726,1.0,,,77.0,64.0,10856,56.541666666666664,6.0,5.0,B,150,72.0,C,6.0
728,1.0,,,77.0,64.0,10888,56.70833333333333,6.0,5.0,B,150,77.0,B,6.0
730,1.0,,,77.0,64.0,10896,56.75,6.0,5.0,B,150,77.0,B,6.0
732,1.0,,,76.0,64.0,11024,57.416666666666664,6.0,4.0,E,120,77.0,B,6.0
734,1.0,,,75.0,64.0,11032,57.45833333333333,6.0,3.0,A,90,76.0,E,6.0
736,1.0,,,74.0,64.0,11040,57.5,6.0,2.0,D,60,75.0,A,6.0
738,1.0,,,71.0,64.0,11048,57.541666666666664,5.0,11.0,F,330,74.0,D,6.0
740,1.0,,,72.0,64.0,11080,57.70833333333333,6.0,0.0,C,0,71.0,F,5.0
742,1.0,,,64.0,64.0,11112,57.875,5.0,4.0,E,120,72.0,C,6.0
744,1.0,,,65.0,64.0,11120,57.916666666666664,5.0,5.0,B,150,64.0,E,5.0
746,1.0,,,67.0,64.0,11128,57.95833333333333,5.0,7.0,C#,210,65.0,B,5.0
748,1.0,,,60.0,64.0,11160,58.125,5.0,0.0,C,0,67.0,C#,5.0
750,1.0,,,64.0,64.0,11168,58.166666666666664,5.0,4.0,E,120,60.0,C,5.0
752,1.0,,,65.0,64.0,11176,58.20833333333333,5.0,5.0,B,150,64.0,E,5.0
754,1.0,,,68.0,64.0,11232,58.5,5.0,8.0,G#,240,65.0,B,5.0
756,1.0,,,65.0,64.0,11288,58.791666666666664,5.0,5.0,B,150,68.0,G#,5.0
758,1.0,,,64.0,64.0,11344,59.08333333333333,5.0,4.0,E,120,65.0,B,5.0
760,1.0,,,76.0,64.0,11568,60.25,6.0,4.0,E,120,64.0,E,5.0
762,1.0,,,75.0,64.0,11576,60.291666666666664,6.0,3.0,A,90,76.0,E,6.0
764,1.0,,,74.0,64.0,11584,60.33333333333333,6.0,2.0,D,60,75.0,A,6.0
766,1.0,,,71.0,64.0,11592,60.375,5.0,11.0,F,330,74.0,D,6.0
768,1.0,,,72.0,64.0,11624,60.541666666666664,6.0,0.0,C,0,71.0,F,5.0
770,1.0,,,64.0,64.0,11656,60.70833333333333,5.0,4.0,E,120,72.0,C,6.0
772,1.0,,,65.0,64.0,11664,60.75,5.0,5.0,B,150,64.0,E,5.0
774,1.0,,,67.0,64.0,11672,60.791666666666664,5.0,7.0,C#,210,65.0,B,5.0
776,1.0,,,60.0,64.0,11704,60.95833333333333,5.0,0.0,C,0,67.0,C#,5.0
778,1.0,,,64.0,64.0,11712,61.0,5.0,4.0,E,120,60.0,C,5.0
780,1.0,,,65.0,64.0,11720,61.041666666666664,5.0,5.0,B,150,64.0,E,5.0
782,1.0,,,76.0,64.0,11776,61.33333333333333,6.0,4.0,E,120,65.0,B,5.0
784,1.0,,,75.0,64.0,11784,61.375,6.0,3.0,A,90,76.0,E,6.0
786,1.0,,,74.0,64.0,11792,61.416666666666664,6.0,2.0,D,60,75.0,A,6.0
788,1.0,,,71.0,64.0,11800,61.45833333333333,5.0,11.0,F,330,74.0,D,6.0
790,1.0,,,72.0,64.0,11832,61.625,6.0,0.0,C,0,71.0,F,5.0
792,1.0,,,77.0,64.0,11864,61.791666666666664,6.0,5.0,B,150,72.0,C,6.0
794,1.0,,,77.0,64.0,11896,61.95833333333333,6.0,5.0,B,150,77.0,B,6.0
796,1.0,,,77.0,64.0,11904,62.0,6.0,5.0,B,150,77.0,B,6.0
798,1.0,,,76.0,64.0,12032,62.666666666666664,6.0,4.0,E,120,77.0,B,6.0
800,1.0,,,75.0,64.0,12040,62.70833333333333,6.0,3.0,A,90,76.0,E,6.0
802,1.0,,,74.0,64.0,12048,62.75,6.0,2.0,D,60,75.0,A,6.0
804,1.0,,,71.0,64.0,12056,62.791666666666664,5.0,11.0,F,330,74.0,D,6.0
806,1.0,,,72.0,64.0,12088,62.95833333333333,6.0,0.0,C,0,71.0,F,5.0
808,1.0,,,64.0,64.0,12120,63.125,5.0,4.0,E,120,72.0,C,6.0
810,1.0,,,65.0,64.0,12128,63.166666666666664,5.0,5.0,B,150,64.0,E,5.0
812,1.0,,,67.0,64.0,12136,63.20833333333333,5.0,7.0,C#,210,65.0,B,5.0
814,1.0,,,60.0,64.0,12168,63.375,5.0,0.0,C,0,67.0,C#,5.0
816,1.0,,,64.0,64.0,12176,63.416666666666664,5.0,4.0,E,120,60.0,C,5.0
818,1.0,,,65.0,64.0,12184,63.45833333333333,5.0,5.0,B,150,64.0,E,5.0
820,1.0,,,68.0,64.0,12240,63.75,5.0,8.0,G#,240,65.0,B,5.0
822,1.0,,,65.0,64.0,12296,64.04166666666666,5.0,5.0,B,150,68.0,G#,5.0
824,1.0,,,64.0,64.0,12352,64.33333333333333,5.0,4.0,E,120,65.0,B,5.0
826,1.0,,,68.0,64.0,12528,65.25,5.0,8.0,G#,240,64.0,E,5.0
828,1.0,,,68.0,64.0,12536,65.29166666666666,5.0,8.0,G#,240,68.0,G#,5.0
830,1.0,,,68.0,64.0,12568,65.45833333333333,5.0,8.0,G#,240,68.0,G#,5.0
832,1.0,,,68.0,64.0,12600,65.625,5.0,8.0,G#,240,68.0,G#,5.0
834,1.0,,,70.0,64.0,12608,65.66666666666666,5.0,10.0,A#,300,68.0,G#,5.0
836,1.0,,,67.0,64.0,12640,65.83333333333333,5.0,7.0,C#,210,70.0,A#,5.0
838,1.0,,,64.0,64.0,12648,65.875,5.0,4.0,E,120,67.0,C#,5.0
840,1.0,,,64.0,64.0,12680,66.04166666666666,5.0,4.0,E,120,64.0,E,5.0
842,1.0,,,60.0,64.0,12688,66.08333333333333,5.0,0.0,C,0,64.0,E,5.0
844,1.0,,,68.0,64.0,12768,66.5,5.0,8.0,G#,240,60.0,C,5.0
846,1.0,,,68.0,64.0,12776,66.54166666666666,5.0,8.0,G#,240,68.0,G#,5.0
848,1.0,,,68.0,64.0,12808,66.70833333333333,5.0,8.0,G#,240,68.0,G#,5.0
850,1.0,,,68.0,64.0,12840,66.875,5.0,8.0,G#,240,68.0,G#,5.0
852,1.0,,,70.0,64.0,12848,66.91666666666666,5.0,10.0,A#,300,68.0,G#,5.0
854,1.0,,,67.0,64.0,12856,66.95833333333333,5.0,7.0,C#,210,70.0,A#,5.0
856,1.0,,,68.0,64.0,13056,68.0,5.0,8.0,G#,240,67.0,C#,5.0
858,1.0,,,68.0,64.0,13064,68.04166666666666,5.0,8.0,G#,240,68.0,G#,5.0
860,1.0,,,68.0,64.0,13096,68.20833333333333,5.0,8.0,G#,240,68.0,G#,5.0
862,1.0,,,68.0,64.0,13128,68.375,5.0,8.0,G#,240,68.0,G#,5.0
864,1.0,,,70.0,64.0,13136,68.41666666666666,5.0,10.0,A#,300,68.0,G#,5.0
866,1.0,,,67.0,64.0,13168,68.58333333333333,5.0,7.0,C#,210,70.0,A#,5.0
868,1.0,,,64.0,64.0,13176,68.625,5.0,4.0,E,120,67.0,C#,5.0
870,1.0,,,64.0,64.0,13208,68.79166666666666,5.0,4.0,E,120,64.0,E,5.0
872,1.0,,,60.0,64.0,13216,68.83333333333333,5.0,0.0,C,0,64.0,E,5.0
874,1.0,,,66.0,64.0,13296,69.25,5.0,6.0,F#,180,60.0,C,5.0
876,1.0,,,66.0,64.0,13304,69.29166666666666,5.0,6.0,F#,180,66.0,F#,5.0
878,1.0,,,66.0,64.0,13336,69.45833333333333,5.0,6.0,F#,180,66.0,F#,5.0
880,1.0,,,66.0,64.0,13368,69.625,5.0,6.0,F#,180,66.0,F#,5.0
882,1.0,,,66.0,64.0,13376,69.66666666666666,5.0,6.0,F#,180,66.0,F#,5.0
884,1.0,,,71.0,64.0,13408,69.83333333333333,5.0,11.0,F,330,66.0,F#,5.0
886,1.0,,,67.0,64.0,13488,70.25,5.0,7.0,C#,210,71.0,F,5.0
888,1.0,,,64.0,64.0,13568,70.66666666666666,5.0,4.0,E,120,67.0,C#,5.0
890,1.0,,,60.0,64.0,13624,70.95833333333333,5.0,0.0,C,0,64.0,E,5.0
892,1.0,,,55.0,64.0,13680,71.25,4.0,7.0,C#,210,60.0,C,5.0
894,1.0,,,60.0,64.0,13736,71.54166666666666,5.0,0.0,C,0,55.0,C#,4.0
896,1.0,,,62.0,64.0,13768,71.70833333333333,5.0,2.0,D,60,60.0,C,5.0
898,1.0,,,61.0,64.0,13800,71.875,5.0,1.0,G,30,62.0,D,5.0
900,1.0,,,60.0,64.0,13808,71.91666666666666,5.0,0.0,C,0,61.0,G,5.0
902,1.0,,,60.0,64.0,13840,72.08333333333333,5.0,0.0,C,0,60.0,C,5.0
904,1.0,,,67.0,64.0,13856,72.16666666666666,5.0,7.0,C#,210,60.0,C,5.0
906,1.0,,,71.0,64.0,13872,72.25,5.0,11.0,F,330,67.0,C#,5.0
908,1.0,,,72.0,64.0,13888,72.33333333333333,6.0,0.0,C,0,71.0,F,5.0
910,1.0,,,69.0,64.0,13920,72.5,5.0,9.0,D#,270,72.0,C,6.0
912,1.0,,,71.0,64.0,13928,72.54166666666666,5.0,11.0,F,330,69.0,D#,5.0
914,1.0,,,69.0,64.0,13960,72.70833333333333,5.0,9.0,D#,270,71.0,F,5.0
916,1.0,,,64.0,64.0,13992,72.875,5.0,4.0,E,120,69.0,D#,5.0
918,1.0,,,65.0,64.0,14000,72.91666666666666,5.0,5.0,B,150,64.0,E,5.0
920,1.0,,,62.0,64.0,14008,72.95833333333333,5.0,2.0,D,60,65.0,B,5.0
922,1.0,,,64.0,64.0,14064,73.25,5.0,4.0,E,120,62.0,D,5.0
924,1.0,,,60.0,64.0,14120,73.54166666666666,5.0,0.0,C,0,64.0,E,5.0
926,1.0,,,55.0,64.0,14176,73.83333333333333,4.0,7.0,C#,210,60.0,C,5.0
928,1.0,,,60.0,64.0,14232,74.125,5.0,0.0,C,0,55.0,C#,4.0
930,1.0,,,62.0,64.0,14264,74.29166666666666,5.0,2.0,D,60,60.0,C,5.0
932,1.0,,,61.0,64.0,14296,74.45833333333333,5.0,1.0,G,30,62.0,D,5.0
934,1.0,,,60.0,64.0,14304,74.5,5.0,0.0,C,0,61.0,G,5.0
936,1.0,,,60.0,64.0,14336,74.66666666666666,5.0,0.0,C,0,60.0,C,5.0
938,1.0,,,67.0,64.0,14352,74.75,5.0,7.0,C#,210,60.0,C,5.0
940,1.0,,,71.0,64.0,14368,74.83333333333333,5.0,11.0,F,330,67.0,C#,5.0
942,1.0,,,72.0,64.0,14384,74.91666666666666,6.0,0.0,C,0,71.0,F,5.0
944,1.0,,,69.0,64.0,14416,75.08333333333333,5.0,9.0,D#,270,72.0,C,6.0
946,1.0,,,71.0,64.0,14424,75.125,5.0,11.0,F,330,69.0,D#,5.0
948,1.0,,,69.0,64.0,14456,75.29166666666666,5.0,9.0,D#,270,71.0,F,5.0
950,1.0,,,64.0,64.0,14488,75.45833333333333,5.0,4.0,E,120,69.0,D#,5.0
952,1.0,,,65.0,64.0,14496,75.5,5.0,5.0,B,150,64.0,E,5.0
954,1.0,,,62.0,64.0,14504,75.54166666666666,5.0,2.0,D,60,65.0,B,5.0
956,1.0,,,72.0,64.0,14560,75.83333333333333,6.0,0.0,C,0,62.0,D,5.0
958,1.0,,,69.0,64.0,14568,75.875,5.0,9.0,D#,270,72.0,C,6.0
960,1.0,,,64.0,64.0,14600,76.04166666666666,5.0,4.0,E,120,69.0,D#,5.0
962,1.0,,,64.0,64.0,14656,76.33333333333333,5.0,4.0,E,120,64.0,E,5.0
964,1.0,,,65.0,64.0,14688,76.5,5.0,5.0,B,150,64.0,E,5.0
966,1.0,,,72.0,64.0,14696,76.54166666666666,6.0,0.0,C,0,65.0,B,5.0
968,1.0,,,72.0,64.0,14728,76.70833333333333,6.0,0.0,C,0,72.0,C,6.0
970,1.0,,,65.0,64.0,14736,76.75,5.0,5.0,B,150,72.0,C,6.0
972,1.0,,,67.0,64.0,14816,77.16666666666666,5.0,7.0,C#,210,65.0,B,5.0
974,1.0,,,77.0,64.0,14832,77.25,6.0,5.0,B,150,67.0,C#,5.0
976,1.0,,,77.0,64.0,14848,77.33333333333333,6.0,5.0,B,150,77.0,B,6.0
978,1.0,,,77.0,64.0,14864,77.41666666666666,6.0,5.0,B,150,77.0,B,6.0
980,1.0,,,76.0,64.0,14880,77.5,6.0,4.0,E,120,77.0,B,6.0
982,1.0,,,74.0,64.0,14896,77.58333333333333,6.0,2.0,D,60,76.0,E,6.0
984,1.0,,,72.0,64.0,14912,77.66666666666666,6.0,0.0,C,0,74.0,D,6.0
986,1.0,,,69.0,64.0,14920,77.70833333333333,5.0,9.0,D#,270,72.0,C,6.0
988,1.0,,,65.0,64.0,14952,77.875,5.0,5.0,B,150,69.0,D#,5.0
990,1.0,,,64.0,64.0,14960,77.91666666666666,5.0,4.0,E,120,65.0,B,5.0
992,1.0,,,72.0,64.0,15040,78.33333333333333,6.0,0.0,C,0,64.0,E,5.0
994,1.0,,,69.0,64.0,15048,78.375,5.0,9.0,D#,270,72.0,C,6.0
996,1.0,,,64.0,64.0,15080,78.54166666666666,5.0,4.0,E,120,69.0,D#,5.0
998,1.0,,,64.0,64.0,15136,78.83333333333333,5.0,4.0,E,120,64.0,E,5.0
1000,1.0,,,65.0,64.0,15168,79.0,5.0,5.0,B,150,64.0,E,5.0
1002,1.0,,,72.0,64.0,15176,79.04166666666666,6.0,0.0,C,0,65.0,B,5.0
1004,1.0,,,72.0,64.0,15208,79.20833333333333,6.0,0.0,C,0,72.0,C,6.0
1006,1.0,,,65.0,64.0,15216,79.25,5.0,5.0,B,150,72.0,C,6.0
1008,1.0,,,67.0,64.0,15296,79.66666666666666,5.0,7.0,C#,210,65.0,B,5.0
1010,1.0,,,74.0,64.0,15304,79.70833333333333,6.0,2.0,D,60,67.0,C#,5.0
1012,1.0,,,74.0,64.0,15336,79.875,6.0,2.0,D,60,74.0,D,6.0
1014,1.0,,,74.0,64.0,15344,79.91666666666666,6.0,2.0,D,60,74.0,D,6.0
1016,1.0,,,72.0,64.0,15360,80.0,6.0,0.0,C,0,74.0,D,6.0
1018,1.0,,,71.0,64.0,15376,80.08333333333333,5.0,11.0,F,330,72.0,C,6.0
1020,1.0,,,67.0,64.0,15392,80.16666666666666,5.0,7.0,C#,210,71.0,F,5.0
1022,1.0,,,64.0,64.0,15400,80.20833333333333,5.0,4.0,E,120,67.0,C#,5.0
1024,1.0,,,64.0,64.0,15432,80.375,5.0,4.0,E,120,64.0,E,5.0
1026,1.0,,,60.0,64.0,15440,80.41666666666666,5.0,0.0,C,0,64.0,E,5.0
1028,1.0,,,72.0,64.0,15520,80.83333333333333,6.0,0.0,C,0,60.0,C,5.0
1030,1.0,,,69.0,64.0,15528,80.875,5.0,9.0,D#,270,72.0,C,6.0
1032,1.0,,,64.0,64.0,15560,81.04166666666666,5.0,4.0,E,120,69.0,D#,5.0
1034,1.0,,,64.0,64.0,15616,81.33333333333333,5.0,4.0,E,120,64.0,E,5.0
1036,1.0,,,65.0,64.0,15648,81.5,5.0,5.0,B,150,64.0,E,5.0
1038,1.0,,,72.0,64.0,15656,81.54166666666666,6.0,0.0,C,0,65.0,B,5.0
1040,1.0,,,72.0,64.0,15688,81.70833333333333,6.0,0.0,C,0,72.0,C,6.0
1042,1.0,,,65.0,64.0,15696,81.75,5.0,5.0,B,150,72.0,C,6.0
1044,1.0,,,67.0,64.0,15776,82.16666666666666,5.0,7.0,C#,210,65.0,B,5.0
1046,1.0,,,77.0,64.0,15792,82.25,6.0,5.0,B,150,67.0,C#,5.0
1048,1.0,,,77.0,64.0,15808,82.33333333333333,6.0,5.0,B,150,77.0,B,6.0
1050,1.0,,,77.0,64.0,15824,82.41666666666666,6.0,5.0,B,150,77.0,B,6.0
1052,1.0,,,76.0,64.0,15840,82.5,6.0,4.0,E,120,77.0,B,6.0
1054,1.0,,,74.0,64.0,15856,82.58333333333333,6.0,2.0,D,60,76.0,E,6.0
1056,1.0,,,72.0,64.0,15872,82.66666666666666,6.0,0.0,C,0,74.0,D,6.0
1058,1.0,,,69.0,64.0,15880,82.70833333333333,5.0,9.0,D#,270,72.0,C,6.0
1060,1.0,,,65.0,64.0,15912,82.875,5.0,5.0,B,150,69.0,D#,5.0
1062,1.0,,,64.0,64.0,15920,82.91666666666666,5.0,4.0,E,120,65.0,B,5.0
1064,1.0,,,72.0,64.0,16000,83.33333333333333,6.0,0.0,C,0,64.0,E,5.0
1066,1.0,,,69.0,64.0,16008,83.375,5.0,9.0,D#,270,72.0,C,6.0
1068,1.0,,,64.0,64.0,16040,83.54166666666666,5.0,4.0,E,120,69.0,D#,5.0
1070,1.0,,,64.0,64.0,16096,83.83333333333333,5.0,4.0,E,120,64.0,E,5.0
1072,1.0,,,65.0,64.0,16128,84.0,5.0,5.0,B,150,64.0,E,5.0
1074,1.0,,,72.0,64.0,16136,84.04166666666666,6.0,0.0,C,0,65.0,B,5.0
1076,1.0,,,72.0,64.0,16168,84.20833333333333,6.0,0.0,C,0,72.0,C,6.0
1078,1.0,,,65.0,64.0,16176,84.25,5.0,5.0,B,150,72.0,C,6.0
1080,1.0,,,67.0,64.0,16256,84.66666666666666,5.0,7.0,C#,210,65.0,B,5.0
1082,1.0,,,74.0,64.0,16264,84.70833333333333,6.0,2.0,D,60,67.0,C#,5.0
1084,1.0,,,74.0,64.0,16296,84.875,6.0,2.0,D,60,74.0,D,6.0
1086,1.0,,,74.0,64.0,16304,84.91666666666666,6.0,2.0,D,60,74.0,D,6.0
1088,1.0,,,72.0,64.0,16320,85.0,6.0,0.0,C,0,74.0,D,6.0
1090,1.0,,,71.0,64.0,16336,85.08333333333333,5.0,11.0,F,330,72.0,C,6.0
1092,1.0,,,67.0,64.0,16352,85.16666666666666,5.0,7.0,C#,210,71.0,F,5.0
1094,1.0,,,64.0,64.0,16360,85.20833333333333,5.0,4.0,E,120,67.0,C#,5.0
1096,1.0,,,64.0,64.0,16392,85.375,5.0,4.0,E,120,64.0,E,5.0
1098,1.0,,,60.0,64.0,16400,85.41666666666666,5.0,0.0,C,0,64.0,E,5.0
1100,1.0,,,68.0,64.0,16480,85.83333333333333,5.0,8.0,G#,240,60.0,C,5.0
1102,1.0,,,68.0,64.0,16488,85.875,5.0,8.0,G#,240,68.0,G#,5.0
1104,1.0,,,68.0,64.0,16520,86.04166666666666,5.0,8.0,G#,240,68.0,G#,5.0
1106,1.0,,,68.0,64.0,16552,86.20833333333333,5.0,8.0,G#,240,68.0,G#,5.0
1108,1.0,,,70.0,64.0,16560,86.25,5.0,10.0,A#,300,68.0,G#,5.0
1110,1.0,,,67.0,64.0,16592,86.41666666666666,5.0,7.0,C#,210,70.0,A#,5.0
1112,1.0,,,64.0,64.0,16600,86.45833333333333,5.0,4.0,E,120,67.0,C#,5.0
1114,1.0,,,64.0,64.0,16632,86.625,5.0,4.0,E,120,64.0,E,5.0
1116,1.0,,,60.0,64.0,16640,86.66666666666666,5.0,0.0,C,0,64.0,E,5.0
1118,1.0,,,68.0,64.0,16720,87.08333333333333,5.0,8.0,G#,240,60.0,C,5.0
1120,1.0,,,68.0,64.0,16728,87.125,5.0,8.0,G#,240,68.0,G#,5.0
1122,1.0,,,68.0,64.0,16760,87.29166666666666,5.0,8.0,G#,240,68.0,G#,5.0
1124,1.0,,,68.0,64.0,16792,87.45833333333333,5.0,8.0,G#,240,68.0,G#,5.0
1126,1.0,,,70.0,64.0,16800,87.5,5.0,10.0,A#,300,68.0,G#,5.0
1128,1.0,,,67.0,64.0,16808,87.54166666666666,5.0,7.0,C#,210,70.0,A#,5.0
1130,1.0,,,68.0,64.0,17008,88.58333333333333,5.0,8.0,G#,240,67.0,C#,5.0
1132,1.0,,,68.0,64.0,17016,88.625,5.0,8.0,G#,240,68.0,G#,5.0
1134,1.0,,,68.0,64.0,17048,88.79166666666666,5.0,8.0,G#,240,68.0,G#,5.0
1136,1.0,,,68.0,64.0,17080,88.95833333333333,5.0,8.0,G#,240,68.0,G#,5.0
1138,1.0,,,70.0,64.0,17088,89.0,5.0,10.0,A#,300,68.0,G#,5.0
1140,1.0,,,67.0,64.0,17120,89.16666666666666,5.0,7.0,C#,210,70.0,A#,5.0
1142,1.0,,,64.0,64.0,17128,89.20833333333333,5.0,4.0,E,120,67.0,C#,5.0
1144,1.0,,,64.0,64.0,17160,89.375,5.0,4.0,E,120,64.0,E,5.0
1146,1.0,,,60.0,64.0,17168,89.41666666666666,5.0,0.0,C,0,64.0,E,5.0
1148,1.0,,,66.0,64.0,17248,89.83333333333333,5.0,6.0,F#,180,60.0,C,5.0
1150,1.0,,,66.0,64.0,17256,89.875,5.0,6.0,F#,180,66.0,F#,5.0
1152,1.0,,,66.0,64.0,17288,90.04166666666666,5.0,6.0,F#,180,66.0,F#,5.0
1154,1.0,,,66.0,64.0,17320,90.20833333333333,5.0,6.0,F#,180,66.0,F#,5.0
1156,1.0,,,66.0,64.0,17328,90.25,5.0,6.0,F#,180,66.0,F#,5.0
1158,1.0,,,71.0,64.0,17360,90.41666666666666,5.0,11.0,F,330,66.0,F#,5.0
1160,1.0,,,67.0,64.0,17440,90.83333333333333,5.0,7.0,C#,210,71.0,F,5.0
1162,1.0,,,72.0,64.0,17520,91.25,6.0,0.0,C,0,67.0,C#,5.0
1164,1.0,,,69.0,64.0,17528,91.29166666666666,5.0,9.0,D#,270,72.0,C,6.0
1166,1.0,,,64.0,64.0,17560,91.45833333333333,5.0,4.0,E,120,69.0,D#,5.0
1168,1.0,,,64.0,64.0,17616,91.75,5.0,4.0,E,120,64.0,E,5.0
1170,1.0,,,65.0,64.0,17648,91.91666666666666,5.0,5.0,B,150,64.0,E,5.0
1172,1.0,,,72.0,64.0,17656,91.95833333333333,6.0,0.0,C,0,65.0,B,5.0
1174,1.0,,,72.0,64.0,17688,92.125,6.0,0.0,C,0,72.0,C,6.0
1176,1.0,,,65.0,64.0,17696,92.16666666666666,5.0,5.0,B,150,72.0,C,6.0
1178,1.0,,,67.0,64.0,17776,92.58333333333333,5.0,7.0,C#,210,65.0,B,5.0
1180,1.0,,,77.0,64.0,17792,92.66666666666666,6.0,5.0,B,150,67.0,C#,5.0
1182,1.0,,,77.0,64.0,17808,92.75,6.0,5.0,B,150,77.0,B,6.0
1184,1.0,,,77.0,64.0,17824,92.83333333333333,6.0,5.0,B,150,77.0,B,6.0
1186,1.0,,,76.0,64.0,17840,92.91666666666666,6.0,4.0,E,120,77.0,B,6.0
1188,1.0,,,74.0,64.0,17856,93.0,6.0,2.0,D,60,76.0,E,6.0
1190,1.0,,,72.0,64.0,17872,93.08333333333333,6.0,0.0,C,0,74.0,D,6.0
1192,1.0,,,69.0,64.0,17880,93.125,5.0,9.0,D#,270,72.0,C,6.0
1194,1.0,,,65.0,64.0,17912,93.29166666666666,5.0,5.0,B,150,69.0,D#,5.0
1196,1.0,,,64.0,64.0,17920,93.33333333333333,5.0,4.0,E,120,65.0,B,5.0
1198,1.0,,,72.0,64.0,18000,93.75,6.0,0.0,C,0,64.0,E,5.0
1200,1.0,,,69.0,64.0,18008,93.79166666666666,5.0,9.0,D#,270,72.0,C,6.0
1202,1.0,,,64.0,64.0,18040,93.95833333333333,5.0,4.0,E,120,69.0,D#,5.0
1204,1.0,,,64.0,64.0,18096,94.25,5.0,4.0,E,120,64.0,E,5.0
1206,1.0,,,65.0,64.0,18128,94.41666666666666,5.0,5.0,B,150,64.0,E,5.0
1208,1.0,,,72.0,64.0,18136,94.45833333333333,6.0,0.0,C,0,65.0,B,5.0
1210,1.0,,,72.0,64.0,18168,94.625,6.0,0.0,C,0,72.0,C,6.0
1212,1.0,,,65.0,64.0,18176,94.66666666666666,5.0,5.0,B,150,72.0,C,6.0
1214,1.0,,,67.0,64.0,18256,95.08333333333333,5.0,7.0,C#,210,65.0,B,5.0
1216,1.0,,,74.0,64.0,18264,95.125,6.0,2.0,D,60,67.0,C#,5.0
1218,1.0,,,74.0,64.0,18296,95.29166666666666,6.0,2.0,D,60,74.0,D,6.0
1220,1.0,,,74.0,64.0,18304,95.33333333333333,6.0,2.0,D,60,74.0,D,6.0
1222,1.0,,,72.0,64.0,18320,95.41666666666666,6.0,0.0,C,0,74.0,D,6.0
1224,1.0,,,71.0,64.0,18336,95.5,5.0,11.0,F,330,72.0,C,6.0
1226,1.0,,,67.0,64.0,18352,95.58333333333333,5.0,7.0,C#,210,71.0,F,5.0
1228,1.0,,,64.0,64.0,18360,95.625,5.0,4.0,E,120,67.0,C#,5.0
1230,1.0,,,64.0,64.0,18392,95.79166666666666,5.0,4.0,E,120,64.0,E,5.0
1232,1.0,,,60.0,64.0,18400,95.83333333333333,5.0,0.0,C,0,64.0,E,5.0
1240,2.0,,,50.0,64.0,18400,95.83333333333333,4.0,2.0,D,60,60.0,C,5.0
1242,2.0,,,50.0,64.0,18408,95.875,4.0,2.0,D,60,50.0,D,4.0
1244,2.0,,,50.0,64.0,18440,96.04166666666666,4.0,2.0,D,60,50.0,D,4.0
1246,2.0,,,50.0,64.0,18472,96.20833333333333,4.0,2.0,D,60,50.0,D,4.0
1248,2.0,,,50.0,64.0,18480,96.25,4.0,2.0,D,60,50.0,D,4.0
1250,2.0,,,67.0,64.0,18512,96.41666666666666,5.0,7.0,C#,210,50.0,D,4.0
1252,2.0,,,55.0,64.0,18592,96.83333333333333,4.0,7.0,C#,210,67.0,C#,5.0
1254,2.0,,,55.0,64.0,18672,97.25,4.0,7.0,C#,210,55.0,C#,4.0
1256,2.0,,,52.0,64.0,18728,97.54166666666666,4.0,4.0,E,120,55.0,C#,4.0
1258,2.0,,,48.0,64.0,18784,97.83333333333333,4.0,0.0,C,0,52.0,E,4.0
1260,2.0,,,53.0,64.0,18840,98.125,4.0,5.0,B,150,48.0,C,4.0
1262,2.0,,,55.0,64.0,18872,98.29166666666666,4.0,7.0,C#,210,53.0,B,4.0
1264,2.0,,,54.0,64.0,18904,98.45833333333333,4.0,6.0,F#,180,55.0,C#,4.0
1266,2.0,,,53.0,64.0,18912,98.5,4.0,5.0,B,150,54.0,F#,4.0
1268,2.0,,,52.0,64.0,18944,98.66666666666666,4.0,4.0,E,120,53.0,B,4.0
1270,2.0,,,60.0,64.0,18960,98.75,5.0,0.0,C,0,52.0,E,4.0
1272,2.0,,,64.0,64.0,18976,98.83333333333333,5.0,4.0,E,120,60.0,C,5.0
1274,2.0,,,65.0,64.0,18992,98.91666666666666,5.0,5.0,B,150,64.0,E,5.0
1276,2.0,,,62.0,64.0,19024,99.08333333333333,5.0,2.0,D,60,65.0,B,5.0
1278,2.0,,,64.0,64.0,19032,99.125,5.0,4.0,E,120,62.0,D,5.0
1280,2.0,,,60.0,64.0,19064,99.29166666666666,5.0,0.0,C,0,64.0,E,5.0
1282,2.0,,,57.0,64.0,19096,99.45833333333333,4.0,9.0,D#,270,60.0,C,5.0
1284,2.0,,,59.0,64.0,19104,99.5,4.0,11.0,F,330,57.0,D#,4.0
1286,2.0,,,55.0,64.0,19112,99.54166666666666,4.0,7.0,C#,210,59.0,F,4.0
1288,2.0,,,55.0,64.0,19168,99.83333333333333,4.0,7.0,C#,210,55.0,C#,4.0
1290,2.0,,,52.0,64.0,19224,100.125,4.0,4.0,E,120,55.0,C#,4.0
1292,2.0,,,48.0,64.0,19280,100.41666666666666,4.0,0.0,C,0,52.0,E,4.0
1294,2.0,,,53.0,64.0,19336,100.70833333333333,4.0,5.0,B,150,48.0,C,4.0
1296,2.0,,,55.0,64.0,19368,100.875,4.0,7.0,C#,210,53.0,B,4.0
1298,2.0,,,54.0,64.0,19400,101.04166666666666,4.0,6.0,F#,180,55.0,C#,4.0
1300,2.0,,,53.0,64.0,19408,101.08333333333333,4.0,5.0,B,150,54.0,F#,4.0
1302,2.0,,,52.0,64.0,19440,101.25,4.0,4.0,E,120,53.0,B,4.0
1304,2.0,,,60.0,64.0,19456,101.33333333333333,5.0,0.0,C,0,52.0,E,4.0
1306,2.0,,,64.0,64.0,19472,101.41666666666666,5.0,4.0,E,120,60.0,C,5.0
1308,2.0,,,65.0,64.0,19488,101.5,5.0,5.0,B,150,64.0,E,5.0
1310,2.0,,,62.0,64.0,19520,101.66666666666666,5.0,2.0,D,60,65.0,B,5.0
1312,2.0,,,64.0,64.0,19528,101.70833333333333,5.0,4.0,E,120,62.0,D,5.0
1314,2.0,,,60.0,64.0,19560,101.875,5.0,0.0,C,0,64.0,E,5.0
1316,2.0,,,57.0,64.0,19592,102.04166666666666,4.0,9.0,D#,270,60.0,C,5.0
1318,2.0,,,59.0,64.0,19600,102.08333333333333,4.0,11.0,F,330,57.0,D#,4.0
1320,2.0,,,55.0,64.0,19608,102.125,4.0,7.0,C#,210,59.0,F,4.0
1322,2.0,,,48.0,64.0,19664,102.41666666666666,4.0,0.0,C,0,55.0,C#,4.0
1324,2.0,,,55.0,64.0,19720,102.70833333333333,4.0,7.0,C#,210,48.0,C,4.0
1326,2.0,,,60.0,64.0,19776,103.0,5.0,0.0,C,0,55.0,C#,4.0
1328,2.0,,,53.0,64.0,19808,103.16666666666666,4.0,5.0,B,150,60.0,C,5.0
1330,2.0,,,60.0,64.0,19864,103.45833333333333,5.0,0.0,C,0,53.0,B,4.0
1332,2.0,,,60.0,64.0,19872,103.5,5.0,0.0,C,0,60.0,C,5.0
1334,2.0,,,53.0,64.0,19904,103.66666666666666,4.0,5.0,B,150,60.0,C,5.0
1336,2.0,,,48.0,64.0,19936,103.83333333333333,4.0,0.0,C,0,53.0,B,4.0
1338,2.0,,,52.0,64.0,19992,104.125,4.0,4.0,E,120,48.0,C,4.0
1340,2.0,,,55.0,64.0,20048,104.41666666666666,4.0,7.0,C#,210,52.0,E,4.0
1342,2.0,,,60.0,64.0,20056,104.45833333333333,5.0,0.0,C,0,55.0,C#,4.0
1344,2.0,,,79.0,64.0,20088,104.625,6.0,7.0,C#,210,60.0,C,5.0
1346,2.0,,,79.0,64.0,20120,104.79166666666666,6.0,7.0,C#,210,79.0,C#,6.0
1348,2.0,,,79.0,64.0,20128,104.83333333333333,6.0,7.0,C#,210,79.0,C#,6.0
1350,2.0,,,55.0,64.0,20160,105.0,4.0,7.0,C#,210,79.0,C#,6.0
1352,2.0,,,48.0,64.0,20192,105.16666666666666,4.0,0.0,C,0,55.0,C#,4.0
1354,2.0,,,55.0,64.0,20248,105.45833333333333,4.0,7.0,C#,210,48.0,C,4.0
1356,2.0,,,60.0,64.0,20304,105.75,5.0,0.0,C,0,55.0,C#,4.0
1358,2.0,,,53.0,64.0,20336,105.91666666666666,4.0,5.0,B,150,60.0,C,5.0
1360,2.0,,,60.0,64.0,20392,106.20833333333333,5.0,0.0,C,0,53.0,B,4.0
1362,2.0,,,60.0,64.0,20400,106.25,5.0,0.0,C,0,60.0,C,5.0
1364,2.0,,,53.0,64.0,20432,106.41666666666666,4.0,5.0,B,150,60.0,C,5.0
1366,2.0,,,48.0,64.0,20464,106.58333333333333,4.0,0.0,C,0,53.0,B,4.0
1368,2.0,,,56.0,64.0,20496,106.75,4.0,8.0,G#,240,48.0,C,4.0
1370,2.0,,,58.0,64.0,20552,107.04166666666666,4.0,10.0,A#,300,56.0,G#,4.0
1372,2.0,,,60.0,64.0,20608,107.33333333333333,5.0,0.0,C,0,58.0,A#,4.0
1374,2.0,,,55.0,64.0,20664,107.625,4.0,7.0,C#,210,60.0,C,5.0
1376,2.0,,,55.0,64.0,20672,107.66666666666666,4.0,7.0,C#,210,55.0,C#,4.0
1378,2.0,,,48.0,64.0,20704,107.83333333333333,4.0,0.0,C,0,55.0,C#,4.0
1380,2.0,,,48.0,64.0,20736,108.0,4.0,0.0,C,0,48.0,C,4.0
1382,2.0,,,55.0,64.0,20792,108.29166666666666,4.0,7.0,C#,210,48.0,C,4.0
1384,2.0,,,60.0,64.0,20848,108.58333333333333,5.0,0.0,C,0,55.0,C#,4.0
1386,2.0,,,53.0,64.0,20880,108.75,4.0,5.0,B,150,60.0,C,5.0
1388,2.0,,,60.0,64.0,20936,109.04166666666666,5.0,0.0,C,0,53.0,B,4.0
1390,2.0,,,60.0,64.0,20944,109.08333333333333,5.0,0.0,C,0,60.0,C,5.0
1392,2.0,,,53.0,64.0,20976,109.25,4.0,5.0,B,150,60.0,C,5.0
1394,2.0,,,48.0,64.0,21008,109.41666666666666,4.0,0.0,C,0,53.0,B,4.0
1396,2.0,,,52.0,64.0,21064,109.70833333333333,4.0,4.0,E,120,48.0,C,4.0
1398,2.0,,,55.0,64.0,21120,110.0,4.0,7.0,C#,210,52.0,E,4.0
1400,2.0,,,60.0,64.0,21128,110.04166666666666,5.0,0.0,C,0,55.0,C#,4.0
1402,2.0,,,79.0,64.0,21160,110.20833333333333,6.0,7.0,C#,210,60.0,C,5.0
1404,2.0,,,79.0,64.0,21192,110.375,6.0,7.0,C#,210,79.0,C#,6.0
1406,2.0,,,79.0,64.0,21200,110.41666666666666,6.0,7.0,C#,210,79.0,C#,6.0
1408,2.0,,,55.0,64.0,21232,110.58333333333333,4.0,7.0,C#,210,79.0,C#,6.0
1410,2.0,,,48.0,64.0,21264,110.75,4.0,0.0,C,0,55.0,C#,4.0
1412,2.0,,,55.0,64.0,21320,111.04166666666666,4.0,7.0,C#,210,48.0,C,4.0
1414,2.0,,,60.0,64.0,21376,111.33333333333333,5.0,0.0,C,0,55.0,C#,4.0
1416,2.0,,,53.0,64.0,21408,111.5,4.0,5.0,B,150,60.0,C,5.0
1418,2.0,,,60.0,64.0,21464,111.79166666666666,5.0,0.0,C,0,53.0,B,4.0
1420,2.0,,,60.0,64.0,21472,111.83333333333333,5.0,0.0,C,0,60.0,C,5.0
1422,2.0,,,53.0,64.0,21504,112.0,4.0,5.0,B,150,60.0,C,5.0
1424,2.0,,,48.0,64.0,21536,112.16666666666666,4.0,0.0,C,0,53.0,B,4.0
1426,2.0,,,56.0,64.0,21568,112.33333333333333,4.0,8.0,G#,240,48.0,C,4.0
1428,2.0,,,58.0,64.0,21624,112.625,4.0,10.0,A#,300,56.0,G#,4.0
1430,2.0,,,60.0,64.0,21680,112.91666666666666,5.0,0.0,C,0,58.0,A#,4.0
1432,2.0,,,55.0,64.0,21736,113.20833333333333,4.0,7.0,C#,210,60.0,C,5.0
1434,2.0,,,55.0,64.0,21744,113.25,4.0,7.0,C#,210,55.0,C#,4.0
1436,2.0,,,48.0,64.0,21776,113.41666666666666,4.0,0.0,C,0,55.0,C#,4.0
1438,2.0,,,44.0,64.0,21808,113.58333333333333,3.0,8.0,G#,240,48.0,C,4.0
1440,2.0,,,51.0,64.0,21864,113.875,4.0,3.0,A,90,44.0,G#,3.0
1442,2.0,,,56.0,64.0,21920,114.16666666666666,4.0,8.0,G#,240,51.0,A,4.0
1444,2.0,,,55.0,64.0,21952,114.33333333333333,4.0,7.0,C#,210,56.0,G#,4.0
1446,2.0,,,48.0,64.0,22008,114.625,4.0,0.0,C,0,55.0,C#,4.0
1448,2.0,,,43.0,64.0,22064,114.91666666666666,3.0,7.0,C#,210,48.0,C,4.0
1450,2.0,,,44.0,64.0,22096,115.08333333333333,3.0,8.0,G#,240,43.0,C#,3.0
1452,2.0,,,51.0,64.0,22152,115.375,4.0,3.0,A,90,44.0,G#,3.0
1454,2.0,,,56.0,64.0,22208,115.66666666666666,4.0,8.0,G#,240,51.0,A,4.0
1456,2.0,,,55.0,64.0,22240,115.83333333333333,4.0,7.0,C#,210,56.0,G#,4.0
1458,2.0,,,48.0,64.0,22296,116.125,4.0,0.0,C,0,55.0,C#,4.0
1460,2.0,,,43.0,64.0,22352,116.41666666666666,3.0,7.0,C#,210,48.0,C,4.0
1462,2.0,,,44.0,64.0,22384,116.58333333333333,3.0,8.0,G#,240,43.0,C#,3.0
1464,2.0,,,51.0,64.0,22440,116.875,4.0,3.0,A,90,44.0,G#,3.0
1466,2.0,,,56.0,64.0,22496,117.16666666666666,4.0,8.0,G#,240,51.0,A,4.0
1468,2.0,,,55.0,64.0,22528,117.33333333333333,4.0,7.0,C#,210,56.0,G#,4.0
1470,2.0,,,48.0,64.0,22584,117.625,4.0,0.0,C,0,55.0,C#,4.0
1472,2.0,,,43.0,64.0,22640,117.91666666666666,3.0,7.0,C#,210,48.0,C,4.0
1474,2.0,,,50.0,64.0,22672,118.08333333333333,4.0,2.0,D,60,43.0,C#,3.0
1476,2.0,,,50.0,64.0,22680,118.125,4.0,2.0,D,60,50.0,D,4.0
1478,2.0,,,50.0,64.0,22712,118.29166666666666,4.0,2.0,D,60,50.0,D,4.0
1480,2.0,,,50.0,64.0,22744,118.45833333333333,4.0,2.0,D,60,50.0,D,4.0
1482,2.0,,,50.0,64.0,22752,118.5,4.0,2.0,D,60,50.0,D,4.0
1484,2.0,,,67.0,64.0,22784,118.66666666666666,5.0,7.0,C#,210,50.0,D,4.0
1486,2.0,,,55.0,64.0,22864,119.08333333333333,4.0,7.0,C#,210,67.0,C#,5.0
1488,2.0,,,55.0,64.0,22944,119.5,4.0,7.0,C#,210,55.0,C#,4.0
1490,2.0,,,52.0,64.0,23000,119.79166666666666,4.0,4.0,E,120,55.0,C#,4.0
1492,2.0,,,48.0,64.0,23056,120.08333333333333,4.0,0.0,C,0,52.0,E,4.0
1494,2.0,,,53.0,64.0,23112,120.375,4.0,5.0,B,150,48.0,C,4.0
1496,2.0,,,55.0,64.0,23144,120.54166666666666,4.0,7.0,C#,210,53.0,B,4.0
1498,2.0,,,54.0,64.0,23176,120.70833333333333,4.0,6.0,F#,180,55.0,C#,4.0
1500,2.0,,,53.0,64.0,23184,120.75,4.0,5.0,B,150,54.0,F#,4.0
1502,2.0,,,52.0,64.0,23216,120.91666666666666,4.0,4.0,E,120,53.0,B,4.0
1504,2.0,,,60.0,64.0,23232,121.0,5.0,0.0,C,0,52.0,E,4.0
1506,2.0,,,64.0,64.0,23248,121.08333333333333,5.0,4.0,E,120,60.0,C,5.0
1508,2.0,,,65.0,64.0,23264,121.16666666666666,5.0,5.0,B,150,64.0,E,5.0
1510,2.0,,,62.0,64.0,23296,121.33333333333333,5.0,2.0,D,60,65.0,B,5.0
1512,2.0,,,64.0,64.0,23304,121.375,5.0,4.0,E,120,62.0,D,5.0
1514,2.0,,,60.0,64.0,23336,121.54166666666666,5.0,0.0,C,0,64.0,E,5.0
1516,2.0,,,57.0,64.0,23368,121.70833333333333,4.0,9.0,D#,270,60.0,C,5.0
1518,2.0,,,59.0,64.0,23376,121.75,4.0,11.0,F,330,57.0,D#,4.0
1520,2.0,,,55.0,64.0,23384,121.79166666666666,4.0,7.0,C#,210,59.0,F,4.0
1522,2.0,,,55.0,64.0,23440,122.08333333333333,4.0,7.0,C#,210,55.0,C#,4.0
1524,2.0,,,52.0,64.0,23496,122.375,4.0,4.0,E,120,55.0,C#,4.0
1526,2.0,,,48.0,64.0,23552,122.66666666666666,4.0,0.0,C,0,52.0,E,4.0
1528,2.0,,,53.0,64.0,23608,122.95833333333333,4.0,5.0,B,150,48.0,C,4.0
1530,2.0,,,55.0,64.0,23640,123.125,4.0,7.0,C#,210,53.0,B,4.0
1532,2.0,,,54.0,64.0,23672,123.29166666666666,4.0,6.0,F#,180,55.0,C#,4.0
1534,2.0,,,53.0,64.0,23680,123.33333333333333,4.0,5.0,B,150,54.0,F#,4.0
1536,2.0,,,52.0,64.0,23712,123.5,4.0,4.0,E,120,53.0,B,4.0
1538,2.0,,,60.0,64.0,23728,123.58333333333333,5.0,0.0,C,0,52.0,E,4.0
1540,2.0,,,64.0,64.0,23744,123.66666666666666,5.0,4.0,E,120,60.0,C,5.0
1542,2.0,,,65.0,64.0,23760,123.75,5.0,5.0,B,150,64.0,E,5.0
1544,2.0,,,62.0,64.0,23792,123.91666666666666,5.0,2.0,D,60,65.0,B,5.0
1546,2.0,,,64.0,64.0,23800,123.95833333333333,5.0,4.0,E,120,62.0,D,5.0
1548,2.0,,,60.0,64.0,23832,124.125,5.0,0.0,C,0,64.0,E,5.0
1550,2.0,,,57.0,64.0,23864,124.29166666666666,4.0,9.0,D#,270,60.0,C,5.0
1552,2.0,,,59.0,64.0,23872,124.33333333333333,4.0,11.0,F,330,57.0,D#,4.0
1554,2.0,,,55.0,64.0,23880,124.375,4.0,7.0,C#,210,59.0,F,4.0
1556,2.0,,,48.0,64.0,23936,124.66666666666666,4.0,0.0,C,0,55.0,C#,4.0
1558,2.0,,,54.0,64.0,23992,124.95833333333333,4.0,6.0,F#,180,48.0,C,4.0
1560,2.0,,,55.0,64.0,24000,125.0,4.0,7.0,C#,210,54.0,F#,4.0
1562,2.0,,,60.0,64.0,24032,125.16666666666666,5.0,0.0,C,0,55.0,C#,4.0
1564,2.0,,,53.0,64.0,24064,125.33333333333333,4.0,5.0,B,150,60.0,C,5.0
1566,2.0,,,53.0,64.0,24096,125.5,4.0,5.0,B,150,53.0,B,4.0
1568,2.0,,,60.0,64.0,24128,125.66666666666666,5.0,0.0,C,0,53.0,B,4.0
1570,2.0,,,60.0,64.0,24136,125.70833333333333,5.0,0.0,C,0,60.0,C,5.0
1572,2.0,,,53.0,64.0,24144,125.75,4.0,5.0,B,150,60.0,C,5.0
1574,2.0,,,50.0,64.0,24176,125.91666666666666,4.0,2.0,D,60,53.0,B,4.0
1576,2.0,,,53.0,64.0,24232,126.20833333333333,4.0,5.0,B,150,50.0,D,4.0
1578,2.0,,,55.0,64.0,24240,126.25,4.0,7.0,C#,210,53.0,B,4.0
1580,2.0,,,59.0,64.0,24272,126.41666666666666,4.0,11.0,F,330,55.0,C#,4.0
1582,2.0,,,55.0,64.0,24304,126.58333333333333,4.0,7.0,C#,210,59.0,F,4.0
1584,2.0,,,55.0,64.0,24336,126.75,4.0,7.0,C#,210,55.0,C#,4.0
1586,2.0,,,60.0,64.0,24368,126.91666666666666,5.0,0.0,C,0,55.0,C#,4.0
1588,2.0,,,60.0,64.0,24376,126.95833333333333,5.0,0.0,C,0,60.0,C,5.0
1590,2.0,,,55.0,64.0,24384,127.0,4.0,7.0,C#,210,60.0,C,5.0
1592,2.0,,,48.0,64.0,24416,127.16666666666666,4.0,0.0,C,0,55.0,C#,4.0
1594,2.0,,,54.0,64.0,24472,127.45833333333333,4.0,6.0,F#,180,48.0,C,4.0
1596,2.0,,,55.0,64.0,24480,127.5,4.0,7.0,C#,210,54.0,F#,4.0
1598,2.0,,,60.0,64.0,24512,127.66666666666666,5.0,0.0,C,0,55.0,C#,4.0
1600,2.0,,,53.0,64.0,24544,127.83333333333333,4.0,5.0,B,150,60.0,C,5.0
1602,2.0,,,53.0,64.0,24576,128.0,4.0,5.0,B,150,53.0,B,4.0
1604,2.0,,,60.0,64.0,24608,128.16666666666666,5.0,0.0,C,0,53.0,B,4.0
1606,2.0,,,60.0,64.0,24616,128.20833333333331,5.0,0.0,C,0,60.0,C,5.0
1608,2.0,,,53.0,64.0,24624,128.25,4.0,5.0,B,150,60.0,C,5.0
1610,2.0,,,55.0,64.0,24656,128.41666666666666,4.0,7.0,C#,210,53.0,B,4.0
1612,2.0,,,55.0,64.0,24664,128.45833333333331,4.0,7.0,C#,210,55.0,C#,4.0
1614,2.0,,,55.0,64.0,24696,128.625,4.0,7.0,C#,210,55.0,C#,4.0
1616,2.0,,,55.0,64.0,24704,128.66666666666666,4.0,7.0,C#,210,55.0,C#,4.0
1618,2.0,,,57.0,64.0,24720,128.75,4.0,9.0,D#,270,55.0,C#,4.0
1620,2.0,,,59.0,64.0,24736,128.83333333333331,4.0,11.0,F,330,57.0,D#,4.0
1622,2.0,,,60.0,64.0,24752,128.91666666666666,5.0,0.0,C,0,59.0,F,4.0
1624,2.0,,,55.0,64.0,24784,129.08333333333331,4.0,7.0,C#,210,60.0,C,5.0
1626,2.0,,,48.0,64.0,24816,129.25,4.0,0.0,C,0,55.0,C#,4.0
1628,2.0,,,48.0,64.0,24896,129.66666666666666,4.0,0.0,C,0,48.0,C,4.0
1630,2.0,,,54.0,64.0,24952,129.95833333333331,4.0,6.0,F#,180,48.0,C,4.0
1632,2.0,,,55.0,64.0,24960,130.0,4.0,7.0,C#,210,54.0,F#,4.0
1634,2.0,,,60.0,64.0,24992,130.16666666666666,5.0,0.0,C,0,55.0,C#,4.0
1636,2.0,,,53.0,64.0,25024,130.33333333333331,4.0,5.0,B,150,60.0,C,5.0
1638,2.0,,,53.0,64.0,25056,130.5,4.0,5.0,B,150,53.0,B,4.0
1640,2.0,,,60.0,64.0,25088,130.66666666666666,5.0,0.0,C,0,53.0,B,4.0
1642,2.0,,,60.0,64.0,25096,130.70833333333331,5.0,0.0,C,0,60.0,C,5.0
1644,2.0,,,53.0,64.0,25104,130.75,4.0,5.0,B,150,60.0,C,5.0
1646,2.0,,,50.0,64.0,25136,130.91666666666666,4.0,2.0,D,60,53.0,B,4.0
1648,2.0,,,53.0,64.0,25192,131.20833333333331,4.0,5.0,B,150,50.0,D,4.0
1650,2.0,,,55.0,64.0,25200,131.25,4.0,7.0,C#,210,53.0,B,4.0
1652,2.0,,,59.0,64.0,25232,131.41666666666666,4.0,11.0,F,330,55.0,C#,4.0
1654,2.0,,,55.0,64.0,25264,131.58333333333331,4.0,7.0,C#,210,59.0,F,4.0
1656,2.0,,,55.0,64.0,25296,131.75,4.0,7.0,C#,210,55.0,C#,4.0
1658,2.0,,,60.0,64.0,25328,131.91666666666666,5.0,0.0,C,0,55.0,C#,4.0
1660,2.0,,,60.0,64.0,25336,131.95833333333331,5.0,0.0,C,0,60.0,C,5.0
1662,2.0,,,55.0,64.0,25344,132.0,4.0,7.0,C#,210,60.0,C,5.0
1664,2.0,,,48.0,64.0,25376,132.16666666666666,4.0,0.0,C,0,55.0,C#,4.0
1666,2.0,,,54.0,64.0,25432,132.45833333333331,4.0,6.0,F#,180,48.0,C,4.0
1668,2.0,,,55.0,64.0,25440,132.5,4.0,7.0,C#,210,54.0,F#,4.0
1670,2.0,,,60.0,64.0,25472,132.66666666666666,5.0,0.0,C,0,55.0,C#,4.0
1672,2.0,,,53.0,64.0,25504,132.83333333333331,4.0,5.0,B,150,60.0,C,5.0
1674,2.0,,,53.0,64.0,25536,133.0,4.0,5.0,B,150,53.0,B,4.0
1676,2.0,,,60.0,64.0,25568,133.16666666666666,5.0,0.0,C,0,53.0,B,4.0
1678,2.0,,,60.0,64.0,25576,133.20833333333331,5.0,0.0,C,0,60.0,C,5.0
1680,2.0,,,53.0,64.0,25584,133.25,4.0,5.0,B,150,60.0,C,5.0
1682,2.0,,,55.0,64.0,25616,133.41666666666666,4.0,7.0,C#,210,53.0,B,4.0
1684,2.0,,,55.0,64.0,25624,133.45833333333331,4.0,7.0,C#,210,55.0,C#,4.0
1686,2.0,,,55.0,64.0,25656,133.625,4.0,7.0,C#,210,55.0,C#,4.0
1688,2.0,,,55.0,64.0,25664,133.66666666666666,4.0,7.0,C#,210,55.0,C#,4.0
1690,2.0,,,57.0,64.0,25680,133.75,4.0,9.0,D#,270,55.0,C#,4.0
1692,2.0,,,59.0,64.0,25696,133.83333333333331,4.0,11.0,F,330,57.0,D#,4.0
1694,2.0,,,60.0,64.0,25712,133.91666666666666,5.0,0.0,C,0,59.0,F,4.0
1696,2.0,,,55.0,64.0,25744,134.08333333333331,4.0,7.0,C#,210,60.0,C,5.0
1698,2.0,,,48.0,64.0,25776,134.25,4.0,0.0,C,0,55.0,C#,4.0
1700,2.0,,,44.0,64.0,25856,134.66666666666666,3.0,8.0,G#,240,48.0,C,4.0
1702,2.0,,,51.0,64.0,25912,134.95833333333331,4.0,3.0,A,90,44.0,G#,3.0
1704,2.0,,,56.0,64.0,25968,135.25,4.0,8.0,G#,240,51.0,A,4.0
1706,2.0,,,55.0,64.0,26000,135.41666666666666,4.0,7.0,C#,210,56.0,G#,4.0
1708,2.0,,,48.0,64.0,26056,135.70833333333331,4.0,0.0,C,0,55.0,C#,4.0
1710,2.0,,,43.0,64.0,26112,136.0,3.0,7.0,C#,210,48.0,C,4.0
1712,2.0,,,44.0,64.0,26144,136.16666666666666,3.0,8.0,G#,240,43.0,C#,3.0
1714,2.0,,,51.0,64.0,26200,136.45833333333331,4.0,3.0,A,90,44.0,G#,3.0
1716,2.0,,,56.0,64.0,26256,136.75,4.0,8.0,G#,240,51.0,A,4.0
1718,2.0,,,55.0,64.0,26288,136.91666666666666,4.0,7.0,C#,210,56.0,G#,4.0
1720,2.0,,,48.0,64.0,26344,137.20833333333331,4.0,0.0,C,0,55.0,C#,4.0
1722,2.0,,,43.0,64.0,26400,137.5,3.0,7.0,C#,210,48.0,C,4.0
1724,2.0,,,44.0,64.0,26432,137.66666666666666,3.0,8.0,G#,240,43.0,C#,3.0
1726,2.0,,,51.0,64.0,26488,137.95833333333331,4.0,3.0,A,90,44.0,G#,3.0
1728,2.0,,,56.0,64.0,26544,138.25,4.0,8.0,G#,240,51.0,A,4.0
1730,2.0,,,55.0,64.0,26576,138.41666666666666,4.0,7.0,C#,210,56.0,G#,4.0
1732,2.0,,,48.0,64.0,26632,138.70833333333331,4.0,0.0,C,0,55.0,C#,4.0
1734,2.0,,,43.0,64.0,26688,139.0,3.0,7.0,C#,210,48.0,C,4.0
1736,2.0,,,50.0,64.0,26720,139.16666666666666,4.0,2.0,D,60,43.0,C#,3.0
1738,2.0,,,50.0,64.0,26728,139.20833333333331,4.0,2.0,D,60,50.0,D,4.0
1740,2.0,,,50.0,64.0,26760,139.375,4.0,2.0,D,60,50.0,D,4.0
1742,2.0,,,50.0,64.0,26792,139.54166666666666,4.0,2.0,D,60,50.0,D,4.0
1744,2.0,,,50.0,64.0,26800,139.58333333333331,4.0,2.0,D,60,50.0,D,4.0
1746,2.0,,,67.0,64.0,26832,139.75,5.0,7.0,C#,210,50.0,D,4.0
1748,2.0,,,55.0,64.0,26912,140.16666666666666,4.0,7.0,C#,210,67.0,C#,5.0
1750,2.0,,,48.0,64.0,26992,140.58333333333331,4.0,0.0,C,0,55.0,C#,4.0
1752,2.0,,,54.0,64.0,27048,140.875,4.0,6.0,F#,180,48.0,C,4.0
1754,2.0,,,55.0,64.0,27056,140.91666666666666,4.0,7.0,C#,210,54.0,F#,4.0
1756,2.0,,,60.0,64.0,27088,141.08333333333331,5.0,0.0,C,0,55.0,C#,4.0
1758,2.0,,,53.0,64.0,27120,141.25,4.0,5.0,B,150,60.0,C,5.0
1760,2.0,,,53.0,64.0,27152,141.41666666666666,4.0,5.0,B,150,53.0,B,4.0
1762,2.0,,,60.0,64.0,27184,141.58333333333331,5.0,0.0,C,0,53.0,B,4.0
1764,2.0,,,60.0,64.0,27192,141.625,5.0,0.0,C,0,60.0,C,5.0
1766,2.0,,,53.0,64.0,27200,141.66666666666666,4.0,5.0,B,150,60.0,C,5.0
1768,2.0,,,50.0,64.0,27232,141.83333333333331,4.0,2.0,D,60,53.0,B,4.0
1770,2.0,,,53.0,64.0,27288,142.125,4.0,5.0,B,150,50.0,D,4.0
1772,2.0,,,55.0,64.0,27296,142.16666666666666,4.0,7.0,C#,210,53.0,B,4.0
1774,2.0,,,59.0,64.0,27328,142.33333333333331,4.0,11.0,F,330,55.0,C#,4.0
1776,2.0,,,55.0,64.0,27360,142.5,4.0,7.0,C#,210,59.0,F,4.0
1778,2.0,,,55.0,64.0,27392,142.66666666666666,4.0,7.0,C#,210,55.0,C#,4.0
1780,2.0,,,60.0,64.0,27424,142.83333333333331,5.0,0.0,C,0,55.0,C#,4.0
1782,2.0,,,60.0,64.0,27432,142.875,5.0,0.0,C,0,60.0,C,5.0
1784,2.0,,,55.0,64.0,27440,142.91666666666666,4.0,7.0,C#,210,60.0,C,5.0
1786,2.0,,,48.0,64.0,27472,143.08333333333331,4.0,0.0,C,0,55.0,C#,4.0
1788,2.0,,,54.0,64.0,27528,143.375,4.0,6.0,F#,180,48.0,C,4.0
1790,2.0,,,55.0,64.0,27536,143.41666666666666,4.0,7.0,C#,210,54.0,F#,4.0
1792,2.0,,,60.0,64.0,27568,143.58333333333331,5.0,0.0,C,0,55.0,C#,4.0
1794,2.0,,,53.0,64.0,27600,143.75,4.0,5.0,B,150,60.0,C,5.0
1796,2.0,,,53.0,64.0,27632,143.91666666666666,4.0,5.0,B,150,53.0,B,4.0
1798,2.0,,,60.0,64.0,27664,144.08333333333331,5.0,0.0,C,0,53.0,B,4.0
1800,2.0,,,60.0,64.0,27672,144.125,5.0,0.0,C,0,60.0,C,5.0
1802,2.0,,,53.0,64.0,27680,144.16666666666666,4.0,5.0,B,150,60.0,C,5.0
1804,2.0,,,55.0,64.0,27712,144.33333333333331,4.0,7.0,C#,210,53.0,B,4.0
1806,2.0,,,55.0,64.0,27720,144.375,4.0,7.0,C#,210,55.0,C#,4.0
1808,2.0,,,55.0,64.0,27752,144.54166666666666,4.0,7.0,C#,210,55.0,C#,4.0
1810,2.0,,,55.0,64.0,27760,144.58333333333331,4.0,7.0,C#,210,55.0,C#,4.0
1812,2.0,,,57.0,64.0,27776,144.66666666666666,4.0,9.0,D#,270,55.0,C#,4.0
1814,2.0,,,59.0,64.0,27792,144.75,4.0,11.0,F,330,57.0,D#,4.0
1816,2.0,,,60.0,64.0,27808,144.83333333333331,5.0,0.0,C,0,59.0,F,4.0
1818,2.0,,,55.0,64.0,27840,145.0,4.0,7.0,C#,210,60.0,C,5.0
1820,2.0,,,48.0,64.0,27872,145.16666666666666,4.0,0.0,C,0,55.0,C#,4.0
1828,9.0,,,42.0,96.0,27872,145.16666666666666,3.0,6.0,F#,180,48.0,C,4.0
1830,9.0,,,42.0,96.0,27888,145.25,3.0,6.0,F#,180,42.0,F#,3.0
1832,9.0,,,42.0,96.0,27896,145.29166666666666,3.0,6.0,F#,180,42.0,F#,3.0
1834,9.0,,,42.0,96.0,27912,145.375,3.0,6.0,F#,180,42.0,F#,3.0
1836,9.0,,,42.0,96.0,27920,145.41666666666666,3.0,6.0,F#,180,42.0,F#,3.0
1838,9.0,,,42.0,96.0,27936,145.5,3.0,6.0,F#,180,42.0,F#,3.0
1840,9.0,,,42.0,96.0,27976,145.70833333333331,3.0,6.0,F#,180,42.0,F#,3.0
1842,9.0,,,42.0,96.0,27992,145.79166666666666,3.0,6.0,F#,180,42.0,F#,3.0
1844,9.0,,,42.0,96.0,28000,145.83333333333331,3.0,6.0,F#,180,42.0,F#,3.0
1846,9.0,,,42.0,96.0,28008,145.875,3.0,6.0,F#,180,42.0,F#,3.0
1848,9.0,,,42.0,96.0,28016,145.91666666666666,3.0,6.0,F#,180,42.0,F#,3.0
1850,9.0,,,42.0,96.0,28048,146.08333333333331,3.0,6.0,F#,180,42.0,F#,3.0
1852,9.0,,,42.0,96.0,28064,146.16666666666666,3.0,6.0,F#,180,42.0,F#,3.0
1854,9.0,,,42.0,96.0,28064,146.16666666666666,3.0,6.0,F#,180,42.0,F#,3.0
1856,9.0,,,42.0,96.0,28080,146.25,3.0,6.0,F#,180,42.0,F#,3.0
1858,9.0,,,42.0,96.0,28096,146.33333333333331,3.0,6.0,F#,180,42.0,F#,3.0
1860,9.0,,,42.0,96.0,28096,146.33333333333331,3.0,6.0,F#,180,42.0,F#,3.0
1862,9.0,,,42.0,96.0,28128,146.5,3.0,6.0,F#,180,42.0,F#,3.0
1864,9.0,,,42.0,96.0,28144,146.58333333333331,3.0,6.0,F#,180,42.0,F#,3.0
1866,9.0,,,42.0,96.0,28144,146.58333333333331,3.0,6.0,F#,180,42.0,F#,3.0
1868,9.0,,,42.0,96.0,28160,146.66666666666666,3.0,6.0,F#,180,42.0,F#,3.0
1870,9.0,,,42.0,96.0,28176,146.75,3.0,6.0,F#,180,42.0,F#,3.0
1872,9.0,,,42.0,96.0,28176,146.75,3.0,6.0,F#,180,42.0,F#,3.0
1874,9.0,,,42.0,96.0,28208,146.91666666666666,3.0,6.0,F#,180,42.0,F#,3.0
1876,9.0,,,42.0,96.0,28224,147.0,3.0,6.0,F#,180,42.0,F#,3.0
1878,9.0,,,42.0,96.0,28224,147.0,3.0,6.0,F#,180,42.0,F#,3.0
1880,9.0,,,42.0,96.0,28240,147.08333333333331,3.0,6.0,F#,180,42.0,F#,3.0
1882,9.0,,,42.0,96.0,28256,147.16666666666666,3.0,6.0,F#,180,42.0,F#,3.0
1884,9.0,,,42.0,96.0,28256,147.16666666666666,3.0,6.0,F#,180,42.0,F#,3.0
1886,9.0,,,42.0,96.0,28288,147.33333333333331,3.0,6.0,F#,180,42.0,F#,3.0
1888,9.0,,,42.0,96.0,28304,147.41666666666666,3.0,6.0,F#,180,42.0,F#,3.0
1890,9.0,,,42.0,96.0,28304,147.41666666666666,3.0,6.0,F#,180,42.0,F#,3.0
1892,9.0,,,42.0,96.0,28320,147.5,3.0,6.0,F#,180,42.0,F#,3.0
1894,9.0,,,42.0,96.0,28336,147.58333333333331,3.0,6.0,F#,180,42.0,F#,3.0
1896,9.0,,,42.0,96.0,28336,147.58333333333331,3.0,6.0,F#,180,42.0,F#,3.0
1898,9.0,,,42.0,96.0,28368,147.75,3.0,6.0,F#,180,42.0,F#,3.0
1900,9.0,,,42.0,96.0,28384,147.83333333333331,3.0,6.0,F#,180,42.0,F#,3.0
1902,9.0,,,42.0,96.0,28384,147.83333333333331,3.0,6.0,F#,180,42.0,F#,3.0
1904,9.0,,,42.0,96.0,28400,147.91666666666666,3.0,6.0,F#,180,42.0,F#,3.0
1906,9.0,,,42.0,96.0,28416,148.0,3.0,6.0,F#,180,42.0,F#,3.0
1908,9.0,,,42.0,96.0,28416,148.0,3.0,6.0,F#,180,42.0,F#,3.0
1910,9.0,,,42.0,96.0,28448,148.16666666666666,3.0,6.0,F#,180,42.0,F#,3.0
1912,9.0,,,42.0,96.0,28464,148.25,3.0,6.0,F#,180,42.0,F#,3.0
1914,9.0,,,42.0,96.0,28464,148.25,3.0,6.0,F#,180,42.0,F#,3.0
1916,9.0,,,42.0,96.0,28480,148.33333333333331,3.0,6.0,F#,180,42.0,F#,3.0
1918,9.0,,,42.0,96.0,28496,148.41666666666666,3.0,6.0,F#,180,42.0,F#,3.0
1920,9.0,,,42.0,96.0,28496,148.41666666666666,3.0,6.0,F#,180,42.0,F#,3.0
1922,9.0,,,42.0,96.0,28528,148.58333333333331,3.0,6.0,F#,180,42.0,F#,3.0
1924,9.0,,,42.0,96.0,28544,148.66666666666666,3.0,6.0,F#,180,42.0,F#,3.0
1926,9.0,,,42.0,96.0,28544,148.66666666666666,3.0,6.0,F#,180,42.0,F#,3.0
1928,9.0,,,42.0,96.0,28560,148.75,3.0,6.0,F#,180,42.0,F#,3.0
1930,9.0,,,42.0,96.0,28576,148.83333333333331,3.0,6.0,F#,180,42.0,F#,3.0
1932,9.0,,,42.0,96.0,28576,148.83333333333331,3.0,6.0,F#,180,42.0,F#,3.0
1934,9.0,,,42.0,96.0,28608,149.0,3.0,6.0,F#,180,42.0,F#,3.0
1936,9.0,,,42.0,96.0,28624,149.08333333333331,3.0,6.0,F#,180,42.0,F#,3.0
1938,9.0,,,42.0,96.0,28624,149.08333333333331,3.0,6.0,F#,180,42.0,F#,3.0
1940,9.0,,,42.0,96.0,28640,149.16666666666666,3.0,6.0,F#,180,42.0,F#,3.0
1942,9.0,,,42.0,96.0,28656,149.25,3.0,6.0,F#,180,42.0,F#,3.0
1944,9.0,,,42.0,96.0,28656,149.25,3.0,6.0,F#,180,42.0,F#,3.0
1946,9.0,,,42.0,96.0,28688,149.41666666666666,3.0,6.0,F#,180,42.0,F#,3.0
1948,9.0,,,42.0,96.0,28704,149.5,3.0,6.0,F#,180,42.0,F#,3.0
1950,9.0,,,42.0,96.0,28704,149.5,3.0,6.0,F#,180,42.0,F#,3.0
1952,9.0,,,42.0,96.0,28720,149.58333333333331,3.0,6.0,F#,180,42.0,F#,3.0
1954,9.0,,,42.0,96.0,28736,149.66666666666666,3.0,6.0,F#,180,42.0,F#,3.0
1956,9.0,,,42.0,96.0,28736,149.66666666666666,3.0,6.0,F#,180,42.0,F#,3.0
1958,9.0,,,42.0,96.0,28768,149.83333333333331,3.0,6.0,F#,180,42.0,F#,3.0
1960,9.0,,,42.0,96.0,28784,149.91666666666666,3.0,6.0,F#,180,42.0,F#,3.0
1962,9.0,,,42.0,96.0,28784,149.91666666666666,3.0,6.0,F#,180,42.0,F#,3.0
1964,9.0,,,42.0,96.0,28800,150.0,3.0,6.0,F#,180,42.0,F#,3.0
1966,9.0,,,42.0,96.0,28816,150.08333333333331,3.0,6.0,F#,180,42.0,F#,3.0
1968,9.0,,,42.0,96.0,28816,150.08333333333331,3.0,6.0,F#,180,42.0,F#,3.0
1970,9.0,,,42.0,96.0,28848,150.25,3.0,6.0,F#,180,42.0,F#,3.0
1972,9.0,,,42.0,96.0,28864,150.33333333333331,3.0,6.0,F#,180,42.0,F#,3.0
1974,9.0,,,42.0,96.0,28864,150.33333333333331,3.0,6.0,F#,180,42.0,F#,3.0
1976,9.0,,,42.0,96.0,28880,150.41666666666666,3.0,6.0,F#,180,42.0,F#,3.0
1978,9.0,,,42.0,96.0,28896,150.5,3.0,6.0,F#,180,42.0,F#,3.0
1980,9.0,,,42.0,96.0,28896,150.5,3.0,6.0,F#,180,42.0,F#,3.0
1982,9.0,,,42.0,96.0,28928,150.66666666666666,3.0,6.0,F#,180,42.0,F#,3.0
1984,9.0,,,42.0,96.0,28944,150.75,3.0,6.0,F#,180,42.0,F#,3.0
1986,9.0,,,42.0,96.0,28944,150.75,3.0,6.0,F#,180,42.0,F#,3.0
1988,9.0,,,42.0,96.0,28960,150.83333333333331,3.0,6.0,F#,180,42.0,F#,3.0
1990,9.0,,,42.0,96.0,28976,150.91666666666666,3.0,6.0,F#,180,42.0,F#,3.0
1992,9.0,,,42.0,96.0,28976,150.91666666666666,3.0,6.0,F#,180,42.0,F#,3.0
1994,9.0,,,42.0,96.0,29008,151.08333333333331,3.0,6.0,F#,180,42.0,F#,3.0
1996,9.0,,,42.0,96.0,29024,151.16666666666666,3.0,6.0,F#,180,42.0,F#,3.0
1998,9.0,,,42.0,96.0,29024,151.16666666666666,3.0,6.0,F#,180,42.0,F#,3.0
2000,9.0,,,42.0,96.0,29040,151.25,3.0,6.0,F#,180,42.0,F#,3.0
2002,9.0,,,42.0,96.0,29056,151.33333333333331,3.0,6.0,F#,180,42.0,F#,3.0
2004,9.0,,,42.0,96.0,29056,151.33333333333331,3.0,6.0,F#,180,42.0,F#,3.0
2006,9.0,,,42.0,96.0,29088,151.5,3.0,6.0,F#,180,42.0,F#,3.0
2008,9.0,,,42.0,96.0,29104,151.58333333333331,3.0,6.0,F#,180,42.0,F#,3.0
2010,9.0,,,42.0,96.0,29104,151.58333333333331,3.0,6.0,F#,180,42.0,F#,3.0
2012,9.0,,,42.0,96.0,29120,151.66666666666666,3.0,6.0,F#,180,42.0,F#,3.0
2014,9.0,,,42.0,96.0,29136,151.75,3.0,6.0,F#,180,42.0,F#,3.0
2016,9.0,,,42.0,96.0,29136,151.75,3.0,6.0,F#,180,42.0,F#,3.0
2018,9.0,,,42.0,96.0,29168,151.91666666666666,3.0,6.0,F#,180,42.0,F#,3.0
2020,9.0,,,42.0,96.0,29184,152.0,3.0,6.0,F#,180,42.0,F#,3.0
2022,9.0,,,42.0,96.0,29184,152.0,3.0,6.0,F#,180,42.0,F#,3.0
2024,9.0,,,42.0,96.0,29200,152.08333333333331,3.0,6.0,F#,180,42.0,F#,3.0
2026,9.0,,,42.0,96.0,29216,152.16666666666666,3.0,6.0,F#,180,42.0,F#,3.0
2028,9.0,,,42.0,96.0,29216,152.16666666666666,3.0,6.0,F#,180,42.0,F#,3.0
2030,9.0,,,42.0,96.0,29248,152.33333333333331,3.0,6.0,F#,180,42.0,F#,3.0
2032,9.0,,,42.0,96.0,29264,152.41666666666666,3.0,6.0,F#,180,42.0,F#,3.0
2034,9.0,,,42.0,96.0,29264,152.41666666666666,3.0,6.0,F#,180,42.0,F#,3.0
2036,9.0,,,42.0,96.0,29280,152.5,3.0,6.0,F#,180,42.0,F#,3.0
2038,9.0,,,42.0,96.0,29296,152.58333333333331,3.0,6.0,F#,180,42.0,F#,3.0
2040,9.0,,,42.0,96.0,29296,152.58333333333331,3.0,6.0,F#,180,42.0,F#,3.0
2042,9.0,,,42.0,96.0,29328,152.75,3.0,6.0,F#,180,42.0,F#,3.0
2044,9.0,,,42.0,96.0,29344,152.83333333333331,3.0,6.0,F#,180,42.0,F#,3.0
2046,9.0,,,42.0,96.0,29344,152.83333333333331,3.0,6.0,F#,180,42.0,F#,3.0
2048,9.0,,,42.0,96.0,29360,152.91666666666666,3.0,6.0,F#,180,42.0,F#,3.0
2050,9.0,,,42.0,96.0,29376,153.0,3.0,6.0,F#,180,42.0,F#,3.0
2052,9.0,,,42.0,96.0,29376,153.0,3.0,6.0,F#,180,42.0,F#,3.0
2054,9.0,,,42.0,96.0,29408,153.16666666666666,3.0,6.0,F#,180,42.0,F#,3.0
2056,9.0,,,42.0,96.0,29424,153.25,3.0,6.0,F#,180,42.0,F#,3.0
2058,9.0,,,42.0,96.0,29424,153.25,3.0,6.0,F#,180,42.0,F#,3.0
2060,9.0,,,42.0,96.0,29440,153.33333333333331,3.0,6.0,F#,180,42.0,F#,3.0
2062,9.0,,,42.0,96.0,29456,153.41666666666666,3.0,6.0,F#,180,42.0,F#,3.0
2064,9.0,,,42.0,96.0,29456,153.41666666666666,3.0,6.0,F#,180,42.0,F#,3.0
2066,9.0,,,42.0,96.0,29488,153.58333333333331,3.0,6.0,F#,180,42.0,F#,3.0
2068,9.0,,,42.0,96.0,29504,153.66666666666666,3.0,6.0,F#,180,42.0,F#,3.0
2070,9.0,,,42.0,96.0,29504,153.66666666666666,3.0,6.0,F#,180,42.0,F#,3.0
2072,9.0,,,42.0,96.0,29520,153.75,3.0,6.0,F#,180,42.0,F#,3.0
2074,9.0,,,42.0,96.0,29536,153.83333333333331,3.0,6.0,F#,180,42.0,F#,3.0
2076,9.0,,,42.0,96.0,29536,153.83333333333331,3.0,6.0,F#,180,42.0,F#,3.0
2078,9.0,,,42.0,96.0,29568,154.0,3.0,6.0,F#,180,42.0,F#,3.0
2080,9.0,,,42.0,96.0,29584,154.08333333333331,3.0,6.0,F#,180,42.0,F#,3.0
2082,9.0,,,42.0,96.0,29584,154.08333333333331,3.0,6.0,F#,180,42.0,F#,3.0
2084,9.0,,,42.0,96.0,29600,154.16666666666666,3.0,6.0,F#,180,42.0,F#,3.0
2086,9.0,,,42.0,96.0,29616,154.25,3.0,6.0,F#,180,42.0,F#,3.0
2088,9.0,,,42.0,96.0,29616,154.25,3.0,6.0,F#,180,42.0,F#,3.0
2090,9.0,,,42.0,96.0,29648,154.41666666666666,3.0,6.0,F#,180,42.0,F#,3.0
2092,9.0,,,42.0,96.0,29664,154.5,3.0,6.0,F#,180,42.0,F#,3.0
2094,9.0,,,42.0,96.0,29664,154.5,3.0,6.0,F#,180,42.0,F#,3.0
2096,9.0,,,42.0,96.0,29680,154.58333333333331,3.0,6.0,F#,180,42.0,F#,3.0
2098,9.0,,,42.0,96.0,29696,154.66666666666666,3.0,6.0,F#,180,42.0,F#,3.0
2100,9.0,,,42.0,96.0,29696,154.66666666666666,3.0,6.0,F#,180,42.0,F#,3.0
2102,9.0,,,42.0,96.0,29728,154.83333333333331,3.0,6.0,F#,180,42.0,F#,3.0
2104,9.0,,,42.0,96.0,29744,154.91666666666666,3.0,6.0,F#,180,42.0,F#,3.0
2106,9.0,,,42.0,96.0,29744,154.91666666666666,3.0,6.0,F#,180,42.0,F#,3.0
2108,9.0,,,42.0,96.0,29760,155.0,3.0,6.0,F#,180,42.0,F#,3.0
2110,9.0,,,42.0,96.0,29776,155.08333333333331,3.0,6.0,F#,180,42.0,F#,3.0
2112,9.0,,,42.0,96.0,29776,155.08333333333331,3.0,6.0,F#,180,42.0,F#,3.0
2114,9.0,,,42.0,96.0,29808,155.25,3.0,6.0,F#,180,42.0,F#,3.0
2116,9.0,,,42.0,96.0,29824,155.33333333333331,3.0,6.0,F#,180,42.0,F#,3.0
2118,9.0,,,42.0,96.0,29824,155.33333333333331,3.0,6.0,F#,180,42.0,F#,3.0
2120,9.0,,,42.0,96.0,29840,155.41666666666666,3.0,6.0,F#,180,42.0,F#,3.0
2122,9.0,,,42.0,96.0,29856,155.5,3.0,6.0,F#,180,42.0,F#,3.0
2124,9.0,,,42.0,96.0,29856,155.5,3.0,6.0,F#,180,42.0,F#,3.0
2126,9.0,,,42.0,96.0,29888,155.66666666666666,3.0,6.0,F#,180,42.0,F#,3.0
2128,9.0,,,42.0,96.0,29904,155.75,3.0,6.0,F#,180,42.0,F#,3.0
2130,9.0,,,42.0,96.0,29904,155.75,3.0,6.0,F#,180,42.0,F#,3.0
2132,9.0,,,42.0,96.0,29920,155.83333333333331,3.0,6.0,F#,180,42.0,F#,3.0
2134,9.0,,,42.0,96.0,29936,155.91666666666666,3.0,6.0,F#,180,42.0,F#,3.0
2136,9.0,,,42.0,96.0,29936,155.91666666666666,3.0,6.0,F#,180,42.0,F#,3.0
2138,9.0,,,42.0,96.0,29952,156.0,3.0,6.0,F#,180,42.0,F#,3.0
2140,9.0,,,42.0,96.0,29960,156.04166666666666,3.0,6.0,F#,180,42.0,F#,3.0
2142,9.0,,,42.0,96.0,29976,156.125,3.0,6.0,F#,180,42.0,F#,3.0
2144,9.0,,,42.0,96.0,29984,156.16666666666666,3.0,6.0,F#,180,42.0,F#,3.0
2146,9.0,,,42.0,96.0,30000,156.25,3.0,6.0,F#,180,42.0,F#,3.0
2148,9.0,,,42.0,96.0,30040,156.45833333333331,3.0,6.0,F#,180,42.0,F#,3.0
2150,9.0,,,42.0,96.0,30056,156.54166666666666,3.0,6.0,F#,180,42.0,F#,3.0
2152,9.0,,,42.0,96.0,30064,156.58333333333331,3.0,6.0,F#,180,42.0,F#,3.0
2154,9.0,,,42.0,96.0,30072,156.625,3.0,6.0,F#,180,42.0,F#,3.0
2156,9.0,,,42.0,96.0,30080,156.66666666666666,3.0,6.0,F#,180,42.0,F#,3.0
2158,9.0,,,42.0,96.0,30096,156.75,3.0,6.0,F#,180,42.0,F#,3.0
2160,9.0,,,42.0,96.0,30104,156.79166666666666,3.0,6.0,F#,180,42.0,F#,3.0
2162,9.0,,,42.0,96.0,30120,156.875,3.0,6.0,F#,180,42.0,F#,3.0
2164,9.0,,,42.0,96.0,30128,156.91666666666666,3.0,6.0,F#,180,42.0,F#,3.0
2166,9.0,,,42.0,96.0,30144,157.0,3.0,6.0,F#,180,42.0,F#,3.0
2168,9.0,,,42.0,96.0,30184,157.20833333333331,3.0,6.0,F#,180,42.0,F#,3.0
2170,9.0,,,42.0,96.0,30200,157.29166666666666,3.0,6.0,F#,180,42.0,F#,3.0
2172,9.0,,,42.0,96.0,30208,157.33333333333331,3.0,6.0,F#,180,42.0,F#,3.0
2174,9.0,,,42.0,96.0,30216,157.375,3.0,6.0,F#,180,42.0,F#,3.0
2176,9.0,,,42.0,96.0,30224,157.41666666666666,3.0,6.0,F#,180,42.0,F#,3.0
2178,9.0,,,42.0,96.0,30240,157.5,3.0,6.0,F#,180,42.0,F#,3.0
2180,9.0,,,42.0,96.0,30248,157.54166666666666,3.0,6.0,F#,180,42.0,F#,3.0
2182,9.0,,,42.0,96.0,30264,157.625,3.0,6.0,F#,180,42.0,F#,3.0
2184,9.0,,,42.0,96.0,30272,157.66666666666666,3.0,6.0,F#,180,42.0,F#,3.0
2186,9.0,,,42.0,96.0,30288,157.75,3.0,6.0,F#,180,42.0,F#,3.0
2188,9.0,,,42.0,96.0,30328,157.95833333333331,3.0,6.0,F#,180,42.0,F#,3.0
2190,9.0,,,42.0,96.0,30344,158.04166666666666,3.0,6.0,F#,180,42.0,F#,3.0
2192,9.0,,,42.0,96.0,30352,158.08333333333331,3.0,6.0,F#,180,42.0,F#,3.0
2194,9.0,,,42.0,96.0,30360,158.125,3.0,6.0,F#,180,42.0,F#,3.0
2196,9.0,,,42.0,96.0,30368,158.16666666666666,3.0,6.0,F#,180,42.0,F#,3.0
2198,9.0,,,42.0,96.0,30384,158.25,3.0,6.0,F#,180,42.0,F#,3.0
2200,9.0,,,42.0,96.0,30392,158.29166666666666,3.0,6.0,F#,180,42.0,F#,3.0
2202,9.0,,,42.0,96.0,30408,158.375,3.0,6.0,F#,180,42.0,F#,3.0
2204,9.0,,,42.0,96.0,30416,158.41666666666666,3.0,6.0,F#,180,42.0,F#,3.0
2206,9.0,,,42.0,96.0,30432,158.5,3.0,6.0,F#,180,42.0,F#,3.0
2208,9.0,,,42.0,96.0,30472,158.70833333333331,3.0,6.0,F#,180,42.0,F#,3.0
2210,9.0,,,42.0,96.0,30488,158.79166666666666,3.0,6.0,F#,180,42.0,F#,3.0
2212,9.0,,,42.0,96.0,30496,158.83333333333331,3.0,6.0,F#,180,42.0,F#,3.0
2214,9.0,,,42.0,96.0,30504,158.875,3.0,6.0,F#,180,42.0,F#,3.0
2216,9.0,,,42.0,96.0,30512,158.91666666666666,3.0,6.0,F#,180,42.0,F#,3.0
2218,9.0,,,42.0,96.0,30544,159.08333333333331,3.0,6.0,F#,180,42.0,F#,3.0
2220,9.0,,,42.0,96.0,30560,159.16666666666666,3.0,6.0,F#,180,42.0,F#,3.0
2222,9.0,,,42.0,96.0,30560,159.16666666666666,3.0,6.0,F#,180,42.0,F#,3.0
2224,9.0,,,42.0,96.0,30576,159.25,3.0,6.0,F#,180,42.0,F#,3.0
2226,9.0,,,42.0,96.0,30592,159.33333333333331,3.0,6.0,F#,180,42.0,F#,3.0
2228,9.0,,,42.0,96.0,30592,159.33333333333331,3.0,6.0,F#,180,42.0,F#,3.0
2230,9.0,,,42.0,96.0,30624,159.5,3.0,6.0,F#,180,42.0,F#,3.0
2232,9.0,,,42.0,96.0,30640,159.58333333333331,3.0,6.0,F#,180,42.0,F#,3.0
2234,9.0,,,42.0,96.0,30640,159.58333333333331,3.0,6.0,F#,180,42.0,F#,3.0
2236,9.0,,,42.0,96.0,30656,159.66666666666666,3.0,6.0,F#,180,42.0,F#,3.0
2238,9.0,,,42.0,96.0,30672,159.75,3.0,6.0,F#,180,42.0,F#,3.0
2240,9.0,,,42.0,96.0,30672,159.75,3.0,6.0,F#,180,42.0,F#,3.0
2242,9.0,,,42.0,96.0,30704,159.91666666666666,3.0,6.0,F#,180,42.0,F#,3.0
2244,9.0,,,42.0,96.0,30720,160.0,3.0,6.0,F#,180,42.0,F#,3.0
2246,9.0,,,42.0,96.0,30720,160.0,3.0,6.0,F#,180,42.0,F#,3.0
2248,9.0,,,42.0,96.0,30736,160.08333333333331,3.0,6.0,F#,180,42.0,F#,3.0
2250,9.0,,,42.0,96.0,30752,160.16666666666666,3.0,6.0,F#,180,42.0,F#,3.0
2252,9.0,,,42.0,96.0,30752,160.16666666666666,3.0,6.0,F#,180,42.0,F#,3.0
2254,9.0,,,42.0,96.0,30784,160.33333333333331,3.0,6.0,F#,180,42.0,F#,3.0
2256,9.0,,,42.0,96.0,30800,160.41666666666666,3.0,6.0,F#,180,42.0,F#,3.0
2258,9.0,,,42.0,96.0,30800,160.41666666666666,3.0,6.0,F#,180,42.0,F#,3.0
2260,9.0,,,42.0,96.0,30816,160.5,3.0,6.0,F#,180,42.0,F#,3.0
2262,9.0,,,42.0,96.0,30832,160.58333333333331,3.0,6.0,F#,180,42.0,F#,3.0
2264,9.0,,,42.0,96.0,30832,160.58333333333331,3.0,6.0,F#,180,42.0,F#,3.0
2266,9.0,,,42.0,96.0,30864,160.75,3.0,6.0,F#,180,42.0,F#,3.0
2268,9.0,,,42.0,96.0,30880,160.83333333333331,3.0,6.0,F#,180,42.0,F#,3.0
2270,9.0,,,42.0,96.0,30880,160.83333333333331,3.0,6.0,F#,180,42.0,F#,3.0
2272,9.0,,,42.0,96.0,30896,160.91666666666666,3.0,6.0,F#,180,42.0,F#,3.0
2274,9.0,,,42.0,96.0,30912,161.0,3.0,6.0,F#,180,42.0,F#,3.0
2276,9.0,,,42.0,96.0,30912,161.0,3.0,6.0,F#,180,42.0,F#,3.0
2278,9.0,,,42.0,96.0,30944,161.16666666666666,3.0,6.0,F#,180,42.0,F#,3.0
2280,9.0,,,42.0,96.0,30960,161.25,3.0,6.0,F#,180,42.0,F#,3.0
2282,9.0,,,42.0,96.0,30960,161.25,3.0,6.0,F#,180,42.0,F#,3.0
2284,9.0,,,42.0,96.0,30976,161.33333333333331,3.0,6.0,F#,180,42.0,F#,3.0
2286,9.0,,,42.0,96.0,30992,161.41666666666666,3.0,6.0,F#,180,42.0,F#,3.0
2288,9.0,,,42.0,96.0,30992,161.41666666666666,3.0,6.0,F#,180,42.0,F#,3.0
2290,9.0,,,42.0,96.0,31024,161.58333333333331,3.0,6.0,F#,180,42.0,F#,3.0
2292,9.0,,,42.0,96.0,31040,161.66666666666666,3.0,6.0,F#,180,42.0,F#,3.0
2294,9.0,,,42.0,96.0,31040,161.66666666666666,3.0,6.0,F#,180,42.0,F#,3.0
2296,9.0,,,42.0,96.0,31056,161.75,3.0,6.0,F#,180,42.0,F#,3.0
2298,9.0,,,42.0,96.0,31072,161.83333333333331,3.0,6.0,F#,180,42.0,F#,3.0
2300,9.0,,,42.0,96.0,31072,161.83333333333331,3.0,6.0,F#,180,42.0,F#,3.0
2302,9.0,,,42.0,96.0,31104,162.0,3.0,6.0,F#,180,42.0,F#,3.0
2304,9.0,,,42.0,96.0,31120,162.08333333333331,3.0,6.0,F#,180,42.0,F#,3.0
2306,9.0,,,42.0,96.0,31120,162.08333333333331,3.0,6.0,F#,180,42.0,F#,3.0
2308,9.0,,,42.0,96.0,31136,162.16666666666666,3.0,6.0,F#,180,42.0,F#,3.0
2310,9.0,,,42.0,96.0,31152,162.25,3.0,6.0,F#,180,42.0,F#,3.0
2312,9.0,,,42.0,96.0,31152,162.25,3.0,6.0,F#,180,42.0,F#,3.0
2314,9.0,,,42.0,96.0,31208,162.54166666666666,3.0,6.0,F#,180,42.0,F#,3.0
2316,9.0,,,42.0,96.0,31216,162.58333333333331,3.0,6.0,F#,180,42.0,F#,3.0
2318,9.0,,,42.0,96.0,31232,162.66666666666666,3.0,6.0,F#,180,42.0,F#,3.0
2320,9.0,,,42.0,96.0,31264,162.83333333333331,3.0,6.0,F#,180,42.0,F#,3.0
2322,9.0,,,42.0,96.0,31320,163.125,3.0,6.0,F#,180,42.0,F#,3.0
2324,9.0,,,42.0,96.0,31328,163.16666666666666,3.0,6.0,F#,180,42.0,F#,3.0
2326,9.0,,,42.0,96.0,31344,163.25,3.0,6.0,F#,180,42.0,F#,3.0
2328,9.0,,,42.0,96.0,31376,163.41666666666666,3.0,6.0,F#,180,42.0,F#,3.0
2330,9.0,,,42.0,96.0,31432,163.70833333333331,3.0,6.0,F#,180,42.0,F#,3.0
2332,9.0,,,42.0,96.0,31440,163.75,3.0,6.0,F#,180,42.0,F#,3.0
2334,9.0,,,42.0,96.0,31456,163.83333333333331,3.0,6.0,F#,180,42.0,F#,3.0
2336,9.0,,,42.0,96.0,31488,164.0,3.0,6.0,F#,180,42.0,F#,3.0
2338,9.0,,,42.0,96.0,31544,164.29166666666666,3.0,6.0,F#,180,42.0,F#,3.0
2340,9.0,,,42.0,96.0,31552,164.33333333333331,3.0,6.0,F#,180,42.0,F#,3.0
2342,9.0,,,42.0,96.0,31568,164.41666666666666,3.0,6.0,F#,180,42.0,F#,3.0
2344,9.0,,,42.0,96.0,31600,164.58333333333331,3.0,6.0,F#,180,42.0,F#,3.0
2346,9.0,,,42.0,96.0,31656,164.875,3.0,6.0,F#,180,42.0,F#,3.0
2348,9.0,,,42.0,96.0,31664,164.91666666666666,3.0,6.0,F#,180,42.0,F#,3.0
2350,9.0,,,42.0,96.0,31680,165.0,3.0,6.0,F#,180,42.0,F#,3.0
2352,9.0,,,42.0,96.0,31712,165.16666666666666,3.0,6.0,F#,180,42.0,F#,3.0
2354,9.0,,,42.0,96.0,31768,165.45833333333331,3.0,6.0,F#,180,42.0,F#,3.0
2356,9.0,,,42.0,96.0,31776,165.5,3.0,6.0,F#,180,42.0,F#,3.0
2358,9.0,,,42.0,96.0,31792,165.58333333333331,3.0,6.0,F#,180,42.0,F#,3.0
2360,9.0,,,42.0,96.0,31824,165.75,3.0,6.0,F#,180,42.0,F#,3.0
2362,9.0,,,42.0,96.0,31880,166.04166666666666,3.0,6.0,F#,180,42.0,F#,3.0
2364,9.0,,,42.0,96.0,31888,166.08333333333331,3.0,6.0,F#,180,42.0,F#,3.0
2366,9.0,,,42.0,96.0,31904,166.16666666666666,3.0,6.0,F#,180,42.0,F#,3.0
2368,9.0,,,42.0,96.0,31936,166.33333333333331,3.0,6.0,F#,180,42.0,F#,3.0
2370,9.0,,,42.0,96.0,31992,166.625,3.0,6.0,F#,180,42.0,F#,3.0
2372,9.0,,,42.0,96.0,32000,166.66666666666666,3.0,6.0,F#,180,42.0,F#,3.0
2374,9.0,,,42.0,96.0,32016,166.75,3.0,6.0,F#,180,42.0,F#,3.0
2376,9.0,,,42.0,96.0,32048,166.91666666666666,3.0,6.0,F#,180,42.0,F#,3.0
2378,9.0,,,42.0,96.0,32104,167.20833333333331,3.0,6.0,F#,180,42.0,F#,3.0
2380,9.0,,,42.0,96.0,32112,167.25,3.0,6.0,F#,180,42.0,F#,3.0
2382,9.0,,,42.0,96.0,32128,167.33333333333331,3.0,6.0,F#,180,42.0,F#,3.0
2384,9.0,,,42.0,96.0,32160,167.5,3.0,6.0,F#,180,42.0,F#,3.0
2386,9.0,,,42.0,96.0,32216,167.79166666666666,3.0,6.0,F#,180,42.0,F#,3.0
2388,9.0,,,42.0,96.0,32224,167.83333333333331,3.0,6.0,F#,180,42.0,F#,3.0
2390,9.0,,,42.0,96.0,32240,167.91666666666666,3.0,6.0,F#,180,42.0,F#,3.0
2392,9.0,,,42.0,96.0,32272,168.08333333333331,3.0,6.0,F#,180,42.0,F#,3.0
2394,9.0,,,42.0,96.0,32328,168.375,3.0,6.0,F#,180,42.0,F#,3.0
2396,9.0,,,42.0,96.0,32336,168.41666666666666,3.0,6.0,F#,180,42.0,F#,3.0
2398,9.0,,,42.0,96.0,32352,168.5,3.0,6.0,F#,180,42.0,F#,3.0
2400,9.0,,,42.0,96.0,32384,168.66666666666666,3.0,6.0,F#,180,42.0,F#,3.0
2402,9.0,,,42.0,96.0,32440,168.95833333333331,3.0,6.0,F#,180,42.0,F#,3.0
2404,9.0,,,42.0,96.0,32448,169.0,3.0,6.0,F#,180,42.0,F#,3.0
2406,9.0,,,42.0,96.0,32464,169.08333333333331,3.0,6.0,F#,180,42.0,F#,3.0
2408,9.0,,,42.0,96.0,32496,169.25,3.0,6.0,F#,180,42.0,F#,3.0
2410,9.0,,,42.0,96.0,32552,169.54166666666666,3.0,6.0,F#,180,42.0,F#,3.0
2412,9.0,,,42.0,96.0,32560,169.58333333333331,3.0,6.0,F#,180,42.0,F#,3.0
2414,9.0,,,42.0,96.0,32576,169.66666666666666,3.0,6.0,F#,180,42.0,F#,3.0
2416,9.0,,,42.0,96.0,32608,169.83333333333331,3.0,6.0,F#,180,42.0,F#,3.0
2418,9.0,,,42.0,96.0,32664,170.125,3.0,6.0,F#,180,42.0,F#,3.0
2420,9.0,,,42.0,96.0,32672,170.16666666666666,3.0,6.0,F#,180,42.0,F#,3.0
2422,9.0,,,42.0,96.0,32688,170.25,3.0,6.0,F#,180,42.0,F#,3.0
2424,9.0,,,42.0,96.0,32720,170.41666666666666,3.0,6.0,F#,180,42.0,F#,3.0
2426,9.0,,,42.0,96.0,32776,170.70833333333331,3.0,6.0,F#,180,42.0,F#,3.0
2428,9.0,,,42.0,96.0,32784,170.75,3.0,6.0,F#,180,42.0,F#,3.0
2430,9.0,,,42.0,96.0,32800,170.83333333333331,3.0,6.0,F#,180,42.0,F#,3.0
2432,9.0,,,42.0,96.0,32832,171.0,3.0,6.0,F#,180,42.0,F#,3.0
2434,9.0,,,42.0,96.0,32888,171.29166666666666,3.0,6.0,F#,180,42.0,F#,3.0
2436,9.0,,,42.0,96.0,32896,171.33333333333331,3.0,6.0,F#,180,42.0,F#,3.0
2438,9.0,,,42.0,96.0,32912,171.41666666666666,3.0,6.0,F#,180,42.0,F#,3.0
2440,9.0,,,42.0,96.0,32944,171.58333333333331,3.0,6.0,F#,180,42.0,F#,3.0
2442,9.0,,,42.0,96.0,32960,171.66666666666666,3.0,6.0,F#,180,42.0,F#,3.0
2444,9.0,,,42.0,96.0,32968,171.70833333333331,3.0,6.0,F#,180,42.0,F#,3.0
2446,9.0,,,42.0,96.0,32984,171.79166666666666,3.0,6.0,F#,180,42.0,F#,3.0
2448,9.0,,,42.0,96.0,32992,171.83333333333331,3.0,6.0,F#,180,42.0,F#,3.0
2450,9.0,,,42.0,96.0,33008,171.91666666666666,3.0,6.0,F#,180,42.0,F#,3.0
2452,9.0,,,42.0,96.0,33048,172.125,3.0,6.0,F#,180,42.0,F#,3.0
2454,9.0,,,42.0,96.0,33064,172.20833333333331,3.0,6.0,F#,180,42.0,F#,3.0
2456,9.0,,,42.0,96.0,33072,172.25,3.0,6.0,F#,180,42.0,F#,3.0
2458,9.0,,,42.0,96.0,33080,172.29166666666666,3.0,6.0,F#,180,42.0,F#,3.0
2460,9.0,,,42.0,96.0,33088,172.33333333333331,3.0,6.0,F#,180,42.0,F#,3.0
2462,9.0,,,42.0,96.0,33104,172.41666666666666,3.0,6.0,F#,180,42.0,F#,3.0
2464,9.0,,,42.0,96.0,33112,172.45833333333331,3.0,6.0,F#,180,42.0,F#,3.0
2466,9.0,,,42.0,96.0,33128,172.54166666666666,3.0,6.0,F#,180,42.0,F#,3.0
2468,9.0,,,42.0,96.0,33136,172.58333333333331,3.0,6.0,F#,180,42.0,F#,3.0
2470,9.0,,,42.0,96.0,33152,172.66666666666666,3.0,6.0,F#,180,42.0,F#,3.0
2472,9.0,,,42.0,96.0,33192,172.875,3.0,6.0,F#,180,42.0,F#,3.0
2474,9.0,,,42.0,96.0,33208,172.95833333333331,3.0,6.0,F#,180,42.0,F#,3.0
2476,9.0,,,42.0,96.0,33216,173.0,3.0,6.0,F#,180,42.0,F#,3.0
2478,9.0,,,42.0,96.0,33224,173.04166666666666,3.0,6.0,F#,180,42.0,F#,3.0
2480,9.0,,,42.0,96.0,33232,173.08333333333331,3.0,6.0,F#,180,42.0,F#,3.0
2482,9.0,,,42.0,96.0,33248,173.16666666666666,3.0,6.0,F#,180,42.0,F#,3.0
2484,9.0,,,42.0,96.0,33256,173.20833333333331,3.0,6.0,F#,180,42.0,F#,3.0
2486,9.0,,,42.0,96.0,33272,173.29166666666666,3.0,6.0,F#,180,42.0,F#,3.0
2488,9.0,,,42.0,96.0,33280,173.33333333333331,3.0,6.0,F#,180,42.0,F#,3.0
2490,9.0,,,42.0,96.0,33296,173.41666666666666,3.0,6.0,F#,180,42.0,F#,3.0
2492,9.0,,,42.0,96.0,33336,173.625,3.0,6.0,F#,180,42.0,F#,3.0
2494,9.0,,,42.0,96.0,33352,173.70833333333331,3.0,6.0,F#,180,42.0,F#,3.0
2496,9.0,,,42.0,96.0,33360,173.75,3.0,6.0,F#,180,42.0,F#,3.0
2498,9.0,,,42.0,96.0,33368,173.79166666666666,3.0,6.0,F#,180,42.0,F#,3.0
2500,9.0,,,42.0,96.0,33376,173.83333333333331,3.0,6.0,F#,180,42.0,F#,3.0
2502,9.0,,,42.0,96.0,33392,173.91666666666666,3.0,6.0,F#,180,42.0,F#,3.0
2504,9.0,,,42.0,96.0,33400,173.95833333333331,3.0,6.0,F#,180,42.0,F#,3.0
2506,9.0,,,42.0,96.0,33416,174.04166666666666,3.0,6.0,F#,180,42.0,F#,3.0
2508,9.0,,,42.0,96.0,33424,174.08333333333331,3.0,6.0,F#,180,42.0,F#,3.0
2510,9.0,,,42.0,96.0,33440,174.16666666666666,3.0,6.0,F#,180,42.0,F#,3.0
2512,9.0,,,42.0,96.0,33480,174.375,3.0,6.0,F#,180,42.0,F#,3.0
2514,9.0,,,42.0,96.0,33496,174.45833333333331,3.0,6.0,F#,180,42.0,F#,3.0
2516,9.0,,,42.0,96.0,33504,174.5,3.0,6.0,F#,180,42.0,F#,3.0
2518,9.0,,,42.0,96.0,33512,174.54166666666666,3.0,6.0,F#,180,42.0,F#,3.0
2520,9.0,,,42.0,96.0,33520,174.58333333333331,3.0,6.0,F#,180,42.0,F#,3.0
2522,9.0,,,42.0,96.0,33576,174.875,3.0,6.0,F#,180,42.0,F#,3.0
2524,9.0,,,42.0,96.0,33584,174.91666666666666,3.0,6.0,F#,180,42.0,F#,3.0
2526,9.0,,,42.0,96.0,33600,175.0,3.0,6.0,F#,180,42.0,F#,3.0
2528,9.0,,,42.0,96.0,33632,175.16666666666666,3.0,6.0,F#,180,42.0,F#,3.0
2530,9.0,,,42.0,96.0,33688,175.45833333333331,3.0,6.0,F#,180,42.0,F#,3.0
2532,9.0,,,42.0,96.0,33696,175.5,3.0,6.0,F#,180,42.0,F#,3.0
2534,9.0,,,42.0,96.0,33712,175.58333333333331,3.0,6.0,F#,180,42.0,F#,3.0
2536,9.0,,,42.0,96.0,33744,175.75,3.0,6.0,F#,180,42.0,F#,3.0
2538,9.0,,,42.0,96.0,33800,176.04166666666666,3.0,6.0,F#,180,42.0,F#,3.0
2540,9.0,,,42.0,96.0,33808,176.08333333333331,3.0,6.0,F#,180,42.0,F#,3.0
2542,9.0,,,42.0,96.0,33824,176.16666666666666,3.0,6.0,F#,180,42.0,F#,3.0
2544,9.0,,,42.0,96.0,33856,176.33333333333331,3.0,6.0,F#,180,42.0,F#,3.0
2546,9.0,,,42.0,96.0,33912,176.625,3.0,6.0,F#,180,42.0,F#,3.0
2548,9.0,,,42.0,96.0,33920,176.66666666666666,3.0,6.0,F#,180,42.0,F#,3.0
2550,9.0,,,42.0,96.0,33936,176.75,3.0,6.0,F#,180,42.0,F#,3.0
2552,9.0,,,42.0,96.0,33968,176.91666666666666,3.0,6.0,F#,180,42.0,F#,3.0
2554,9.0,,,42.0,96.0,34024,177.20833333333331,3.0,6.0,F#,180,42.0,F#,3.0
2556,9.0,,,42.0,96.0,34032,177.25,3.0,6.0,F#,180,42.0,F#,3.0
2558,9.0,,,42.0,96.0,34048,177.33333333333331,3.0,6.0,F#,180,42.0,F#,3.0
2560,9.0,,,42.0,96.0,34080,177.5,3.0,6.0,F#,180,42.0,F#,3.0
2562,9.0,,,42.0,96.0,34136,177.79166666666666,3.0,6.0,F#,180,42.0,F#,3.0
2564,9.0,,,42.0,96.0,34144,177.83333333333331,3.0,6.0,F#,180,42.0,F#,3.0
2566,9.0,,,42.0,96.0,34160,177.91666666666666,3.0,6.0,F#,180,42.0,F#,3.0
2568,9.0,,,42.0,96.0,34192,178.08333333333331,3.0,6.0,F#,180,42.0,F#,3.0
2570,9.0,,,42.0,96.0,34248,178.375,3.0,6.0,F#,180,42.0,F#,3.0
2572,9.0,,,42.0,96.0,34256,178.41666666666666,3.0,6.0,F#,180,42.0,F#,3.0
2574,9.0,,,42.0,96.0,34272,178.5,3.0,6.0,F#,180,42.0,F#,3.0
2576,9.0,,,42.0,96.0,34304,178.66666666666666,3.0,6.0,F#,180,42.0,F#,3.0
2578,9.0,,,42.0,96.0,34360,178.95833333333331,3.0,6.0,F#,180,42.0,F#,3.0
2580,9.0,,,42.0,96.0,34368,179.0,3.0,6.0,F#,180,42.0,F#,3.0
2582,9.0,,,42.0,96.0,34384,179.08333333333331,3.0,6.0,F#,180,42.0,F#,3.0
