SEASON	RANK	TEAM	HOME GAMES	Home Attendance	HOME WINS	HOME LOSSES	HOME OTS	ROAD GAMES	 ROAD ATTENDANCE 	TOTAL GAMES	 TOTAL ATTENDANCE 
2000-01	9	Buffalo	41	731438	26	12	0	41	662888	82	1394326
2000-01	14	Dallas	41	697041	26	10	0	41	670268	82	1367309
2000-01	3	Philadelphia	41	802595	26	11	0	41	704462	82	1507057
2000-01	19	New Jersey	41	641340	24	11	0	41	682363	82	1323703
2000-01	16	Pittsburgh	42	683655	24	15	0	42	748692	84	1432347
2000-01	29	Carolina	41	547584	23	15	0	41	638575	82	1186159
2000-01	18	Nashville	42	662226	16	18	0	42	656964	84	1319190
2000-01	11	San Jose	41	716196	22	14	1	41	660141	82	1376337
2000-01	17	Los Angeles	41	658340	20	12	1	41	679616	82	1337956
2000-01	7	NY Rangers	41	746200	17	20	1	41	722748	82	1468948
2000-01	30	NY Islanders	41	464627	12	27	1	41	685561	82	1150188
2000-01	8	Colorado	41	738287	28	6	2	41	712170	82	1450457
2000-01	2	Detroit	41	819795	27	9	2	41	733449	82	1553244
2000-01	21	Washington	41	636914	24	9	2	41	678509	82	1315423
2000-01	20	Edmonton	41	640085	23	9	2	41	688267	82	1328352
2000-01	27	Arizona	41	583194	21	11	2	41	683183	82	1266377
2000-01	25	Tampa Bay	41	611173	17	19	2	41	640092	82	1251265
2000-01	28	Anaheim	41	553470	15	20	2	41	682445	82	1235915
2000-01	1	Montréal	41	824308	15	20	2	41	656533	82	1480841
2000-01	24	Chicago	41	614875	14	21	2	41	681748	82	1296623
2000-01	15	Calgary	41	681535	12	18	2	41	676664	82	1358199
2000-01	23	Atlanta	41	625780	10	23	2	41	639436	82	1265216
2000-01	4	St. Louis	41	800319	28	5	3	41	692818	82	1493137
2000-01	10	Ottawa	41	729515	26	7	3	41	668792	82	1398307
2000-01	22	Boston	41	632746	21	12	3	41	674942	82	1307688
2000-01	13	Vancouver	41	698077	21	12	3	41	687447	82	1385524
2000-01	12	Columbus	41	715738	19	15	3	41	656082	82	1371820
2000-01	5	Toronto	41	789567	19	11	4	41	704052	82	1493619
2000-01	6	Minnesota	41	751468	14	13	4	41	663872	82	1415340
2000-01	26	Florida	41	601857	12	18	4	41	666660	82	1268517
2001-02	4	Toronto	41	790457	24	11	0	41	712457	82	1502914
2001-02	17	Edmonton	41	680307	23	14	0	41	662765	82	1343072
2001-02	14	Buffalo	41	705468	20	16	0	41	675065	82	1380533
2001-02	26	Nashville	41	606347	17	16	0	41	664733	82	1271080
2001-02	28	Atlanta	41	560404	11	21	0	41	658665	82	1219069
2001-02	23	Chicago	41	638324	28	7	1	41	692203	82	1330527
2001-02	1	Detroit	41	822378	28	7	1	41	745790	82	1568168
2001-02	5	St. Louis	41	777695	27	12	1	41	701059	82	1478754
2001-02	10	Colorado	41	738287	24	12	1	41	724880	82	1463167
2001-02	16	Los Angeles	41	687002	22	12	1	41	687857	82	1374859
2001-02	2	Montréal	41	821140	21	13	1	41	681543	82	1502683
2001-02	9	NY Rangers	41	739582	19	19	1	41	732588	82	1472170
2001-02	22	Pittsburgh	41	641615	16	20	1	41	696631	82	1338246
2001-02	12	San Jose	41	714337	25	11	2	41	661945	82	1376282
2001-02	11	Vancouver	41	726226	23	11	2	41	668833	82	1395059
2001-02	19	New Jersey	41	652957	22	13	2	41	699788	82	1352745
2001-02	27	NY Islanders	41	596498	21	13	2	41	722502	82	1319000
2001-02	13	Washington	41	710990	21	12	2	41	692162	82	1403152
2001-02	21	Calgary	41	644466	20	14	2	41	665430	82	1309896
2001-02	30	Anaheim	41	492089	15	19	2	41	698804	82	1190893
2001-02	24	Carolina	41	635868	15	13	2	41	700936	82	1336804
2001-02	29	Arizona	41	539770	27	8	3	41	683142	82	1222912
2001-02	3	Philadelphia	41	802337	20	13	3	41	711719	82	1514056
2001-02	20	Tampa Bay	41	644610	16	17	3	41	650096	82	1294706
2001-02	15	Ottawa	41	693684	21	13	4	41	664282	82	1357966
2001-02	6	Dallas	41	759812	18	13	4	41	690891	82	1450703
2001-02	8	Columbus	41	743576	14	18	4	41	657476	82	1401052
2001-02	18	Florida	41	659040	11	23	4	41	661494	82	1320534
2001-02	25	Boston	41	631546	23	11	5	41	696139	82	1327685
2001-02	7	Minnesota	41	756686	14	14	5	41	651039	82	1407725
2002-03	7	Minnesota	41	758536	25	13	0	41	673876	82	1432412
2002-03	4	Toronto	41	788847	24	13	0	41	701428	82	1490275
2002-03	8	Vancouver	41	754247	22	13	0	41	681051	82	1435298
2002-03	22	NY Islanders	41	612154	18	18	0	41	667070	82	1279224
2002-03	14	Ottawa	41	705124	28	9	1	41	645176	82	1350300
2002-03	12	Los Angeles	41	720366	19	19	1	41	678386	82	1398752
2002-03	30	Nashville	41	542367	18	17	1	41	662888	82	1205255
2002-03	17	Calgary	41	665808	14	16	1	41	673671	82	1339479
2002-03	6	Dallas	41	759812	28	5	2	41	685110	82	1444922
2002-03	2	Detroit	41	822378	28	6	2	41	742469	82	1564847
2002-03	23	New Jersey	41	609218	25	11	2	41	696385	82	1305603
2002-03	18	Washington	41	647272	24	13	2	41	663298	82	1310570
2002-03	21	Boston	41	616197	23	11	2	41	697820	82	1314017
2002-03	26	Anaheim	41	573524	22	10	2	41	681215	82	1254739
2002-03	3	Philadelphia	41	792333	21	10	2	41	676172	82	1468505
2002-03	11	Columbus	41	727522	20	14	2	41	661699	82	1389221
2002-03	27	Buffalo	41	564827	18	16	2	41	696262	82	1261089
2002-03	29	Arizona	41	542404	17	16	2	41	664118	82	1206522
2002-03	24	Chicago	41	606580	17	15	2	41	702084	82	1308664
2002-03	9	NY Rangers	41	744068	17	18	2	41	721272	82	1465340
2002-03	25	Pittsburgh	41	604788	15	22	2	41	712129	82	1316917
2002-03	5	St. Louis	41	761388	23	11	3	41	665307	82	1426695
2002-03	16	Tampa Bay	41	678354	22	9	3	41	675844	82	1354198
2002-03	10	Colorado	41	738287	21	9	3	41	706840	82	1445127
2002-03	13	San Jose	41	711386	17	16	3	41	672277	82	1383663
2002-03	28	Atlanta	41	552535	15	19	3	41	653048	82	1205583
2002-03	19	Carolina	41	642973	12	17	3	41	639887	82	1282860
2002-03	15	Edmonton	41	682960	20	12	4	41	686176	82	1369136
2002-03	1	Montréal	41	847586	16	16	4	41	670104	82	1517690
2002-03	20	Florida	41	632552	8	21	5	41	652802	82	1285354
2003-04	2	Detroit	41	822706	30	7	0	41	734556	82	1557262
2003-04	8	Dallas	41	752556	26	7	0	41	674286	82	1426842
2003-04	6	St. Louis	41	760976	23	11	0	41	676008	82	1436984
2003-04	5	Vancouver	41	763830	21	13	0	41	690563	82	1454393
2003-04	30	Pittsburgh	41	486961	13	22	0	41	682896	82	1169857
2003-04	26	NY Islanders	41	561419	25	11	1	41	679698	82	1241117
2003-04	1	Montréal	41	842767	23	13	1	41	716762	82	1559529
2003-04	23	New Jersey	41	617449	22	13	1	41	686791	82	1304240
2003-04	16	Calgary	41	679767	21	14	1	41	691383	82	1371150
2003-04	11	Los Angeles	41	733464	15	16	1	41	664938	82	1398402
2003-04	18	San Jose	41	649261	24	8	2	41	663462	82	1312723
2003-04	28	Nashville	41	539450	22	10	2	41	687242	82	1226692
2003-04	3	Toronto	41	794439	22	14	2	41	693679	82	1488118
2003-04	10	Colorado	41	738287	19	14	2	41	722338	82	1460625
2003-04	7	Minnesota	41	759736	19	13	2	41	664405	82	1424141
2003-04	21	Boston	41	620469	18	12	2	41	680354	82	1300823
2003-04	22	Atlanta	41	619965	18	17	2	41	661535	82	1281500
2003-04	15	Columbus	41	712145	17	18	2	41	658665	82	1370810
2003-04	29	Carolina	41	505534	13	18	2	41	661904	82	1167438
2003-04	25	Washington	41	603528	13	20	2	41	669079	82	1272607
2003-04	4	Philadelphia	41	794388	24	11	3	41	673056	82	1467444
2003-04	12	Tampa Bay	41	730634	24	10	3	41	655303	82	1385937
2003-04	14	Edmonton	41	724780	22	12	3	41	682732	82	1407512
2003-04	20	Buffalo	41	626903	21	13	3	41	666414	82	1293317
2003-04	17	Florida	41	653380	16	15	3	41	645053	82	1298433
2003-04	24	Anaheim	41	614476	19	11	4	41	683183	82	1297659
2003-04	9	NY Rangers	41	741302	13	21	4	41	697451	82	1438753
2003-04	19	Arizona	41	634152	11	19	4	41	647759	82	1281911
2003-04	13	Ottawa	41	728101	23	8	5	41	646611	82	1374712
2003-04	27	Chicago	41	543374	13	17	5	41	697492	82	1240866
2005-06	17	Columbus	41	688655	23	18	0	41	663913	82	1352568
2005-06	25	Nashville	41	591556	32	8	1	41	661412	82	1252968
2005-06	12	Los Angeles	41	731405	26	14	1	41	707496	82	1438901
2005-06	13	Dallas	41	730979	28	11	2	41	699214	82	1430193
2005-06	2	Tampa Bay	41	840887	25	14	2	41	649891	82	1490778
2005-06	9	Minnesota	41	761614	23	16	2	41	685110	82	1446724
2005-06	14	Buffalo	41	692329	27	11	3	41	723363	82	1415692
2005-06	26	New Jersey	41	583448	27	11	3	41	686135	82	1269583
2005-06	6	Toronto	41	795747	26	12	3	41	709997	82	1505744
2005-06	30	NY Islanders	41	516973	20	18	3	41	682978	82	1199951
2005-06	1	Montréal	41	872194	24	13	4	41	714712	82	1586906
2005-06	23	Atlanta	41	637578	24	13	4	41	679698	82	1317276
2005-06	22	Arizona	41	638871	19	18	4	41	697492	82	1336363
2005-06	24	Anaheim	41	620380	26	10	5	41	708029	82	1328409
2005-06	19	Florida	41	656587	25	11	5	41	670842	82	1327429
2005-06	11	Colorado	41	738287	25	10	6	41	704298	82	1442585
2005-06	10	NY Rangers	41	743848	25	10	6	41	713154	82	1457002
2005-06	8	Vancouver	41	763830	25	10	6	41	692572	82	1456402
2005-06	4	Philadelphia	41	805783	22	13	6	41	707086	82	1512869
2005-06	15	Edmonton	41	690143	20	15	6	41	704585	82	1394728
2005-06	29	Chicago	41	546075	16	19	6	41	685889	82	1231964
2005-06	27	St. Louis	41	582742	12	23	6	41	687734	82	1270476
2005-06	28	Washington	41	570113	16	18	7	41	677402	82	1247515
2005-06	20	Pittsburgh	41	647975	12	21	8	41	702125	82	1350100
2005-06	18	Boston	41	664673	16	15	10	41	732711	82	1397384
2005-06	21	Carolina	41	639454	31	8	2	41	706512	82	1345966
2005-06	5	Ottawa	41	798453	29	9	3	41	687324	82	1485777
2005-06	7	Calgary	41	790849	30	7	4	41	689292	82	1480141
2005-06	3	Detroit	41	822646	27	9	5	41	728037	82	1550683
2005-06	16	San Jose	41	690095	25	9	7	41	694458	82	1384553
2006-07	3	Tampa Bay	41	814944	22	18	1	41	688759	82	1503703
2006-07	12	Dallas	41	734508	28	11	2	41	685930	82	1420438
2006-07	8	Buffalo	41	766290	28	10	3	41	722830	82	1489120
2006-07	1	Montréal	41	872193	26	12	3	41	694581	82	1566774
2006-07	5	Ottawa	41	794271	25	13	3	41	694991	82	1489262
2006-07	13	Colorado	41	722127	22	16	3	41	707209	82	1429336
2006-07	17	Edmonton	41	690399	19	19	3	41	700198	82	1390597
2006-07	24	Arizona	41	614519	18	20	3	41	679534	82	1294053
2006-07	9	Vancouver	41	763830	26	11	4	41	702740	82	1466570
2006-07	14	San Jose	41	714316	25	12	4	41	667521	82	1381837
2006-07	15	Carolina	41	712861	21	16	4	41	696303	82	1409164
2006-07	25	Boston	41	605352	18	19	4	41	736688	82	1342040
2006-07	19	Columbus	41	672443	18	19	4	41	665389	82	1337832
2006-07	30	St. Louis	41	513345	18	19	4	41	686504	82	1199849
2006-07	29	Chicago	41	521809	17	20	4	41	684126	82	1205935
2006-07	18	Pittsburgh	41	673395	26	10	5	41	729390	82	1402785
2006-07	11	NY Rangers	41	746200	21	15	5	41	732465	82	1478665
2006-07	4	Toronto	41	798981	21	15	5	41	703601	82	1502582
2006-07	26	New Jersey	41	581225	25	10	6	41	710366	82	1291591
2006-07	22	Florida	41	630183	23	12	6	41	679329	82	1309512
2006-07	21	Atlanta	41	665862	23	12	6	41	690399	82	1356261
2006-07	28	NY Islanders	41	528331	22	13	6	41	704421	82	1232752
2006-07	27	Washington	41	571129	17	17	7	41	712539	82	1283668
2006-07	7	Philadelphia	41	790591	10	24	7	41	682978	82	1473569
2006-07	16	Los Angeles	41	691229	16	16	9	41	678140	82	1369369
2006-07	6	Calgary	41	790849	30	9	2	41	699173	82	1490022
2006-07	10	Minnesota	41	760280	29	7	5	41	691834	82	1452114
2006-07	23	Nashville	41	625649	28	8	5	41	651982	82	1277631
2006-07	2	Detroit	41	822706	29	4	8	41	693228	82	1515934
2006-07	20	Anaheim	41	671965	26	6	9	41	687980	82	1359945
2007-08	18	Edmonton	41	690399	23	17	1	41	696549	82	1386948
2007-08	17	Colorado	41	690552	27	12	2	41	709177	82	1399729
2007-08	23	New Jersey	41	638144	25	14	2	41	720288	82	1358432
2007-08	19	Chicago	41	689377	23	16	2	41	711063	82	1400440
2007-08	12	Dallas	41	739585	23	16	2	41	679247	82	1418832
2007-08	11	NY Rangers	41	746200	25	13	3	41	737590	82	1483790
2007-08	24	Washington	41	634381	23	15	3	41	721395	82	1355776
2007-08	8	Tampa Bay	41	766412	20	18	3	41	674860	82	1441272
2007-08	22	Atlanta	41	649081	19	19	3	41	702248	82	1351329
2007-08	21	Los Angeles	41	680877	17	21	3	41	691096	82	1371973
2007-08	20	Carolina	41	681962	24	13	4	41	702904	82	1384866
2007-08	27	Nashville	41	611328	23	14	4	41	710530	82	1321858
2007-08	3	Ottawa	41	812665	22	15	4	41	688185	82	1500850
2007-08	26	Boston	41	630750	21	16	4	41	742633	82	1373383
2007-08	29	Arizona	41	607638	17	20	4	41	688882	82	1296520
2007-08	16	Pittsburgh	41	700137	26	10	5	41	779082	82	1479219
2007-08	10	Minnesota	41	761288	25	11	5	41	708890	82	1470178
2007-08	9	Vancouver	41	763830	21	15	5	41	699706	82	1463536
2007-08	30	NY Islanders	41	559247	18	18	5	41	723486	82	1282733
2007-08	1	Montréal	41	872193	22	13	6	41	719550	82	1591743
2007-08	14	San Jose	41	713863	22	13	6	41	693392	82	1407255
2007-08	4	Philadelphia	41	801797	21	14	6	41	709997	82	1511794
2007-08	2	Buffalo	41	817956	20	15	6	41	721928	82	1539884
2007-08	13	St. Louis	41	722021	20	15	6	41	706102	82	1428123
2007-08	5	Toronto	41	796803	18	17	6	41	725700	82	1522503
2007-08	28	Columbus	41	607757	20	14	7	41	695032	82	1302789
2007-08	25	Florida	41	632881	18	15	8	41	691219	82	1324100
2007-08	6	Calgary	41	790849	21	11	9	41	691260	82	1482109
2007-08	7	Detroit	41	773696	29	9	3	41	741895	82	1515591
2007-08	15	Anaheim	41	704932	28	9	4	41	704175	82	1409107
2008-09	23	New Jersey	41	647397	28	12	1	41	727545	82	1374942
2008-09	20	Carolina	41	679488	26	14	1	41	702166	82	1381654
2008-09	26	Colorado	41	632602	18	21	2	41	705405	82	1338007
2008-09	29	Atlanta	41	599673	18	21	2	41	702904	82	1302577
2008-09	25	Columbus	41	637284	25	13	3	41	720903	82	1358187
2008-09	18	Pittsburgh	41	695997	25	13	3	41	737672	82	1433669
2008-09	28	Arizona	41	609907	23	15	3	41	709956	82	1319863
2008-09	11	Buffalo	41	759798	23	15	3	41	718771	82	1478569
2008-09	17	Anaheim	41	696629	20	18	3	41	717541	82	1414170
2008-09	6	Calgary	41	790849	27	10	4	41	708193	82	1499042
2008-09	12	NY Rangers	41	745085	26	11	4	41	732014	82	1477099
2008-09	27	Nashville	41	615439	24	13	4	41	720944	82	1336383
2008-09	4	Philadelphia	41	801372	24	13	4	41	719304	82	1520676
2008-09	8	Vancouver	41	763830	24	12	5	41	702371	82	1466201
2008-09	10	St. Louis	41	760732	23	13	5	41	704913	82	1465645
2008-09	14	Dallas	41	724911	20	16	5	41	695401	82	1420312
2008-09	19	Edmonton	41	690399	18	17	6	41	705692	82	1396091
2008-09	30	NY Islanders	41	564697	17	18	6	41	725905	82	1290602
2008-09	2	Montréal	41	872193	24	10	7	41	728324	82	1600517
2008-09	9	Minnesota	41	761288	23	11	7	41	701141	82	1462429
2008-09	24	Florida	41	640496	22	12	7	41	698558	82	1339054
2008-09	7	Ottawa	41	776947	22	12	7	41	711760	82	1488707
2008-09	22	Los Angeles	41	676042	18	15	8	41	714507	82	1390549
2008-09	5	Toronto	41	791795	16	16	9	41	710161	82	1501956
2008-09	21	Tampa Bay	41	676409	12	18	11	41	697369	82	1373778
2008-09	13	Washington	41	741992	29	9	3	41	715327	82	1457319
2008-09	15	San Jose	41	717023	32	5	4	41	724552	82	1441575
2008-09	3	Detroit	41	814474	27	9	5	41	771948	82	1586422
2008-09	16	Boston	41	698638	29	6	6	41	744396	82	1443034
2008-09	1	Chicago	41	912155	24	9	8	41	719345	82	1631500
2009-10	30	Arizona	41	491558	29	10	2	41	696426	82	1187984
2009-10	27	Colorado	41	571849	24	14	3	41	718279	82	1290128
2009-10	26	Nashville	41	614143	24	14	3	41	693023	82	1307166
2009-10	4	Philadelphia	41	800966	24	14	3	40	673200	81	1474166
2009-10	23	Carolina	41	624873	21	17	3	41	672031	82	1296904
2009-10	20	New Jersey	41	636975	27	10	4	41	715614	82	1352589
2009-10	12	Ottawa	41	749061	26	11	4	41	685766	82	1434827
2009-10	10	Minnesota	41	755055	25	12	4	41	698517	82	1453572
2009-10	18	Pittsburgh	41	700211	25	12	4	41	746405	82	1446616
2009-10	29	NY Islanders	41	522168	23	14	4	41	699870	82	1222038
2009-10	5	Calgary	41	790849	20	17	4	41	690891	82	1481740
2009-10	19	Edmonton	41	690399	18	19	4	41	688882	82	1379281
2009-10	24	Anaheim	41	621903	25	11	5	41	691793	82	1313696
2009-10	2	Montréal	41	872193	20	16	5	41	709382	82	1581575
2009-10	7	St. Louis	40	755322	18	18	5	40	667600	80	1422922
2009-10	9	Buffalo	41	759695	25	10	6	41	699624	82	1459319
2009-10	3	Detroit	40	781847	25	10	6	40	716760	80	1498607
2009-10	16	Los Angeles	41	709853	22	13	6	41	674040	82	1383893
2009-10	21	Tampa Bay	41	635388	21	14	6	41	684700	82	1320088
2009-10	28	Atlanta	41	557897	19	16	6	41	705528	82	1263425
2009-10	15	Boston	40	695543	18	17	6	41	723486	81	1419029
2009-10	13	NY Rangers	41	741128	18	17	6	41	727053	82	1468181
2009-10	6	Toronto	41	789681	18	17	6	41	701633	82	1491314
2009-10	17	Dallas	41	705817	23	11	7	41	688677	82	1394494
2009-10	22	Columbus	41	632086	20	12	9	41	699337	82	1331423
2009-10	25	Florida	40	605863	16	16	9	40	659800	80	1265663
2009-10	8	Vancouver	41	771210	30	8	3	41	702412	82	1473622
2009-10	1	Chicago	40	854267	29	8	4	40	686520	80	1540787
2009-10	11	Washington	41	749357	30	5	6	41	699870	82	1449227
2009-10	14	San Jose	41	719904	27	6	8	41	689374	82	1409278
2010-11	1	Chicago	41	878356	24	17	0	41	732875	82	1611231
2010-11	26	Anaheim	41	604283	26	13	2	41	700649	82	1304932
2010-11	12	Pittsburgh	40	729628	25	14	2	41	737426	81	1467054
2010-11	14	Los Angeles	41	741404	25	13	3	41	698845	82	1440249
2010-11	25	New Jersey	41	605803	22	16	3	41	729349	82	1335152
2010-11	9	Buffalo	41	756568	21	16	4	41	698476	82	1455044
2010-11	13	NY Rangers	41	742432	20	17	4	41	721928	82	1464360
2010-11	24	Colorado	41	607650	16	21	4	41	701961	82	1309611
2010-11	17	San Jose	40	702480	25	11	5	40	688000	80	1390480
2010-11	18	Tampa Bay	41	708022	25	11	5	41	695811	82	1403833
2010-11	6	Calgary	40	771560	23	13	5	41	678878	81	1450438
2010-11	7	St. Louis	41	785150	23	13	5	41	665389	82	1450539
2010-11	20	Carolina	40	656611	22	14	5	40	671560	80	1328171
2010-11	15	Minnesota	40	720508	19	17	5	40	657760	80	1378268
2010-11	27	Columbus	40	546350	17	19	5	40	666880	80	1213230
2010-11	11	Ottawa	41	753525	16	20	5	41	703150	82	1456675
2010-11	2	Montréal	41	872193	24	11	6	40	698920	81	1571113
2010-11	16	Boston	40	702600	22	13	6	40	713880	80	1416480
2010-11	4	Detroit	41	806892	21	14	6	41	747184	82	1554076
2010-11	30	NY Islanders	41	453456	17	18	6	41	712580	82	1166036
2010-11	19	Edmonton	41	690399	13	22	6	41	700116	82	1390515
2010-11	3	Philadelphia	41	808328	22	12	7	41	718525	82	1526853
2010-11	29	Arizona	40	487543	21	13	7	40	668760	80	1156303
2010-11	28	Atlanta	41	552230	17	17	7	41	683921	82	1236151
2010-11	23	Dallas	41	617997	22	11	8	41	690604	82	1308601
2010-11	5	Toronto	41	793522	18	15	8	41	692654	82	1486176
2010-11	22	Florida	41	643116	16	17	8	41	695893	82	1339009
2010-11	8	Vancouver	41	773260	27	9	5	41	701715	82	1474975
2010-11	10	Washington	41	754309	25	8	8	40	685960	81	1440269
2010-11	21	Nashville	41	661861	24	9	8	41	667767	82	1329628
2011-12	10	Pittsburgh	41	761224	29	10	2	41	733941	82	1495165
2011-12	14	NY Rangers	41	745852	27	12	2	41	759730	82	1505582
2011-12	13	Tampa Bay	41	757192	25	14	2	41	706348	82	1463540
2011-12	23	Colorado	41	635440	22	17	2	41	719837	82	1355277
2011-12	26	Anaheim	41	605171	21	18	2	41	694212	82	1299383
2011-12	18	San Jose	41	720076	26	12	3	41	702740	82	1422816
2011-12	17	Boston	41	720145	24	14	3	41	758910	82	1479055
2011-12	28	Dallas	41	583306	22	16	3	41	684700	82	1268006
2011-12	27	Columbus	41	601061	17	21	3	41	721067	82	1322128
2011-12	8	Vancouver	41	774250	27	10	4	41	725126	82	1499376
2011-12	12	Washington	41	758746	26	11	4	41	720534	82	1479280
2011-12	24	New Jersey	41	631258	24	13	4	41	718812	82	1350070
2011-12	16	Minnesota	41	728683	20	17	4	41	697492	82	1426175
2011-12	6	Ottawa	41	793612	20	17	4	41	710448	82	1504060
2011-12	20	Nashville	41	684324	26	10	5	41	703765	82	1388089
2011-12	25	Winnipeg	41	615164	23	13	5	41	731235	82	1346399
2011-12	15	Los Angeles	41	734736	22	14	5	41	665430	82	1400166
2011-12	7	Calgary	41	790849	23	12	6	41	698107	82	1488956
2011-12	30	Arizona	41	509241	22	13	6	41	699255	82	1208496
2011-12	3	Philadelphia	41	837754	22	13	6	41	706881	82	1544635
2011-12	19	Edmonton	41	690399	18	17	6	41	707168	82	1397567
2011-12	29	NY Islanders	41	540838	17	18	6	41	722789	82	1263627
2011-12	22	Carolina	41	657747	20	14	7	41	716188	82	1373935
2011-12	5	Toronto	41	799786	18	16	7	41	730210	82	1529996
2011-12	11	Buffalo	41	760558	21	12	8	41	731153	82	1491711
2011-12	2	Montréal	41	872193	16	15	10	41	725331	82	1597524
2011-12	21	Florida	41	681763	21	9	11	41	725577	82	1407340
2011-12	4	Detroit	41	824706	31	7	3	41	723814	82	1548520
2011-12	9	St. Louis	41	771207	30	6	5	41	707988	82	1479195
2011-12	1	Chicago	41	882874	27	8	6	41	720821	82	1603695
2012-13	27	Winnipeg	24	360096	13	10	1	24	431760	48	791856
2012-13	17	Carolina	24	421401	9	14	1	24	425880	48	847281
2012-13	8	Tampa Bay	24	457337	12	10	2	24	421272	48	878609
2012-13	21	Dallas	24	409521	11	11	2	24	404304	48	813825
2012-13	9	Buffalo	24	455290	11	10	3	24	417000	48	872290
2012-13	30	NY Islanders	24	319362	10	11	3	24	437688	48	757050
2012-13	24	Edmonton	24	404136	9	11	4	24	425040	48	829176
2012-13	22	Florida	24	407806	8	11	5	24	429264	48	837070
2012-13	12	Pittsburgh	24	447560	18	6	0	24	428616	48	876176
2012-13	26	Colorado	24	370677	12	9	3	24	427392	48	798069
2012-13	23	Nashville	24	407386	11	9	4	24	417312	48	824698
2012-13	13	Los Angeles	24	436295	19	4	1	24	419064	48	855359
2012-13	25	Anaheim	24	381308	16	7	1	24	420552	48	801860
2012-13	18	St. Louis	24	414328	15	8	1	24	422424	48	836752
2012-13	14	Washington	24	425638	15	8	1	24	430488	48	856126
2012-13	19	NY Rangers	24	412800	16	6	2	24	442968	48	855768
2012-13	4	Philadelphia	24	474878	15	7	2	24	436344	48	911222
2012-13	29	Arizona	24	334165	14	8	2	24	425520	48	759685
2012-13	11	Minnesota	24	451075	14	8	2	24	414168	48	865243
2012-13	7	Calgary	24	462936	13	9	2	24	400512	48	863448
2012-13	20	New Jersey	24	410739	13	9	2	24	431520	48	842259
2012-13	5	Toronto	24	466229	13	9	2	24	432648	48	898877
2012-13	1	Chicago	24	522619	18	3	3	24	435888	48	958507
2012-13	15	Boston	24	421560	16	5	3	24	442680	48	864240
2012-13	6	Ottawa	24	465801	15	6	3	24	425256	48	891057
2012-13	10	Vancouver	24	454740	15	6	3	24	418320	48	873060
2012-13	2	Montréal	24	510552	14	7	3	24	423504	48	934056
2012-13	3	Detroit	24	481584	13	7	4	24	441312	48	922896
2012-13	16	San Jose	24	421472	17	2	5	24	412200	48	833672
2012-13	28	Columbus	24	349558	14	5	5	24	417648	48	767206
2013-14	6	Toronto	41	797310	24	16	1	41	817950	82	1615260
2013-14	4	Philadelphia	41	813411	24	14	3	41	698517	82	1511928
2013-14	7	Calgary	41	791389	19	19	3	41	691424	82	1482813
2013-14	19	Edmonton	41	689949	16	22	3	41	707373	82	1397322
2013-14	22	Colorado	41	668133	26	11	4	41	706102	82	1374235
2013-14	8	Los Angeles	41	779734	23	14	4	41	692367	82	1472101
2013-14	27	Columbus	41	602619	22	15	4	41	707496	82	1310115
2013-14	15	NY Rangers	41	738246	20	17	4	41	802452	82	1540698
2013-14	12	Minnesota	41	758729	26	10	5	41	692859	82	1451588
2013-14	3	Montréal	41	872193	23	13	5	41	733613	82	1605806
2013-14	30	Arizona	41	564798	22	14	5	41	690727	82	1255525
2013-14	20	Nashville	41	680619	19	17	5	41	707865	82	1388484
2013-14	29	Florida	41	581286	16	20	5	41	716516	82	1297802
2013-14	10	Tampa Bay	41	763096	25	10	6	41	712047	82	1475143
2013-14	5	Vancouver	41	810594	20	15	6	41	699378	82	1509972
2013-14	23	Carolina	41	634832	18	17	6	41	704585	82	1339417
2013-14	13	Ottawa	41	742468	18	17	6	41	713072	82	1455540
2013-14	25	Winnipeg	41	615164	18	17	6	41	698968	82	1314132
2013-14	28	Dallas	41	601008	23	11	7	41	705979	82	1306987
2013-14	14	Washington	41	740240	21	13	7	41	712252	82	1452492
2013-14	11	Buffalo	41	761767	13	21	7	41	713605	82	1475372
2013-14	24	New Jersey	41	625570	21	11	9	41	717787	82	1343357
2013-14	26	NY Islanders	41	604362	13	19	9	41	711186	82	1315548
2013-14	2	Detroit	41	908131	18	13	10	41	731317	82	1639448
2013-14	16	Boston	41	720165	31	7	3	41	742346	82	1462511
2013-14	21	Anaheim	41	675248	29	8	4	41	754564	82	1429812
2013-14	9	Pittsburgh	41	763344	28	9	4	41	785806	82	1549150
2013-14	18	St. Louis	41	698059	28	9	4	41	715245	82	1413304
2013-14	17	San Jose	41	702480	29	7	5	41	718238	82	1420718
2013-14	1	Chicago	41	927545	27	7	7	41	730251	82	1657796
2014-15	14	St. Louis	41	760349	27	12	2	41	705569	82	1465918
2014-15	25	NY Islanders	41	628729	25	14	2	41	723158	82	1351887
2014-15	10	Vancouver	41	767149	24	15	2	41	703355	82	1470504
2014-15	7	Toronto	41	781576	22	17	2	41	714876	82	1496452
2014-15	24	Columbus	41	635973	19	20	2	41	699747	82	1335720
2014-15	20	Anaheim	41	691835	26	12	3	41	707619	82	1399454
2014-15	23	Colorado	41	663247	23	15	3	41	712416	82	1375663
2014-15	22	Edmonton	41	690399	15	23	3	41	701182	82	1391581
2014-15	12	Pittsburgh	41	763319	23	14	4	41	737549	82	1500868
2014-15	17	NY Rangers	41	738246	25	11	5	41	731112	82	1469358
2014-15	1	Chicago	41	892532	24	12	5	41	763830	82	1656362
2014-15	6	Calgary	41	782977	23	13	5	41	706020	82	1488997
2014-15	16	Ottawa	41	748112	23	13	5	41	699378	82	1447490
2014-15	5	Washington	41	783072	23	13	5	41	708726	82	1491798
2014-15	27	Winnipeg	41	616556	23	13	5	41	713687	82	1330243
2014-15	11	San Jose	41	767012	19	17	5	41	701879	82	1468891
2014-15	13	Buffalo	41	761809	14	22	5	41	707086	82	1468895
2014-15	28	Arizona	41	547149	11	25	5	41	712498	82	1259647
2014-15	8	Minnesota	41	779944	22	13	6	41	727176	82	1507120
2014-15	18	Boston	41	720165	24	10	7	41	737672	82	1457837
2014-15	4	Philadelphia	41	790107	23	11	7	41	708931	82	1499038
2014-15	30	Florida	41	461877	21	13	7	41	732260	82	1194137
2014-15	29	Carolina	41	516375	18	16	7	41	710202	82	1226577
2014-15	26	New Jersey	41	622783	19	14	8	41	707537	82	1330320
2014-15	19	Dallas	41	711359	17	16	8	41	722297	82	1433656
2014-15	3	Detroit	41	821107	22	10	9	41	731727	82	1552834
2014-15	9	Tampa Bay	41	771761	32	8	1	41	715573	82	1487334
2014-15	21	Nashville	41	691028	28	9	4	41	697246	82	1388274
2014-15	2	Montréal	41	872752	26	9	6	41	725700	82	1598452
2014-15	15	Los Angeles	41	748893	25	9	7	41	761493	82	1510386
2015-16	15	Dallas	41	753452	28	11	2	41	708234	82	1461686
2015-16	21	Edmonton	41	690499	19	20	2	41	720124	82	1410623
2015-16	16	Los Angeles	41	749234	26	12	3	41	707988	82	1457222
2015-16	8	Tampa Bay	41	782772	25	13	3	41	702658	82	1485430
2015-16	2	Montréal	41	872808	22	16	3	41	780066	82	1652874
2015-16	22	San Jose	41	686623	18	20	3	41	711063	82	1397686
2015-16	18	NY Rangers	41	738246	27	10	4	41	741444	82	1479690
2015-16	1	Chicago	41	896240	26	11	4	41	774572	82	1670812
2015-16	11	Pittsburgh	41	760584	26	11	4	41	737385	82	1497969
2015-16	13	St. Louis	41	756483	24	13	4	41	715614	82	1472097
2015-16	29	Arizona	41	550763	22	15	4	41	701100	82	1251863
2015-16	7	Calgary	41	784974	21	16	4	41	691424	82	1476398
2015-16	4	Minnesota	41	812907	21	16	4	41	712908	82	1525815
2015-16	25	Winnipeg	41	627054	18	19	4	41	721805	82	1348859
2015-16	19	Colorado	41	698327	17	20	4	41	716680	82	1415007
2015-16	24	Florida	41	630746	25	11	5	41	705077	82	1335823
2015-16	28	NY Islanders	41	558705	25	11	5	41	716352	82	1275057
2015-16	26	New Jersey	41	618029	19	17	5	41	701920	82	1319949
2015-16	14	Vancouver	41	755677	15	21	5	41	707824	82	1463501
2015-16	23	Anaheim	41	669805	25	10	6	41	708275	82	1378080
2015-16	3	Detroit	41	821107	22	13	6	41	762805	82	1583912
2015-16	17	Ottawa	41	741472	21	14	6	41	710202	82	1451674
2015-16	27	Columbus	41	601293	18	17	6	41	712334	82	1313627
2015-16	9	Boston	41	769846	17	18	6	41	739230	82	1509076
2015-16	10	Buffalo	41	762223	16	19	6	41	707701	82	1469924
2015-16	20	Nashville	41	695828	23	11	7	41	717336	82	1413164
2015-16	30	Carolina	41	500363	19	15	7	41	722010	82	1222373
2015-16	5	Philadelphia	41	788319	23	10	8	41	713933	82	1502252
2015-16	6	Toronto	41	785485	14	18	9	41	730169	82	1515654
2015-16	12	Washington	41	758944	29	8	4	41	719960	82	1478904
2016-17	10	Calgary	41	767829	24	17	0	41	704995	82	1472824
2016-17	23	Columbus	41	650157	28	12	1	41	700608	82	1350765
2016-17	18	Boston	41	720165	23	17	1	41	731235	82	1451400
2016-17	24	Winnipeg	41	645004	22	18	1	41	722912	82	1367916
2016-17	9	Minnesota	41	781879	27	12	2	41	720534	82	1502413
2016-17	14	Los Angeles	41	747858	23	16	2	41	708849	82	1456707
2016-17	25	Colorado	41	608252	13	26	2	41	714056	82	1322308
2016-17	26	Florida	41	599447	19	19	3	41	720001	82	1319448
2016-17	19	San Jose	41	717833	26	11	4	41	689825	82	1407658
2016-17	13	Edmonton	41	752227	25	12	4	41	731235	82	1483462
2016-17	8	Tampa Bay	41	782772	23	14	4	41	703109	82	1485881
2016-17	17	NY Rangers	41	738828	21	16	4	41	733695	82	1472523
2016-17	1	Chicago	41	891827	26	10	5	41	761985	82	1653812
2016-17	6	Philadelphia	41	805408	25	11	5	41	761329	82	1566737
2016-17	2	Montréal	41	872808	24	12	5	41	713892	82	1586700
2016-17	7	St. Louis	41	801127	24	12	5	41	704626	82	1505753
2016-17	29	Arizona	41	536878	18	18	5	41	709710	82	1246588
2016-17	30	Carolina	41	482829	23	12	6	41	702002	82	1184831
2016-17	16	Dallas	41	742163	22	13	6	41	725126	82	1467289
2016-17	15	Buffalo	41	743819	20	15	6	41	706635	82	1450454
2016-17	11	Vancouver	41	758891	18	17	6	41	701018	82	1459909
2016-17	28	NY Islanders	41	537149	22	12	7	41	717951	82	1255100
2016-17	5	Toronto	41	809519	21	13	7	41	713113	82	1522632
2016-17	3	Detroit	41	821107	17	17	7	41	754523	82	1575630
2016-17	21	Ottawa	41	686534	22	11	8	41	712949	82	1399483
2016-17	27	New Jersey	41	597261	16	17	8	41	705569	82	1302830
2016-17	12	Washington	41	758746	32	7	2	41	707783	82	1466529
2016-17	4	Pittsburgh	41	810273	31	6	4	41	731563	82	1541836
2016-17	22	Anaheim	41	653632	29	8	4	41	712908	82	1366540
2016-17	20	Nashville	41	703555	24	9	8	41	701469	82	1405024
2017-18	12	St. Louis	41	752624	24	17	0	41	717828	82	1470452
2017-18	6	Tampa Bay	41	782772	29	10	2	41	701674	82	1484446
2017-18	5	Toronto	41	786677	29	10	2	41	751940	82	1538617
2017-18	17	Vegas	41	739740	29	10	2	41	732793	82	1472533
2017-18	25	Colorado	41	639063	28	11	2	41	724634	82	1363697
2017-18	9	Washington	41	769756	28	11	2	41	701059	82	1470815
2017-18	28	Florida	41	567897	27	11	3	41	696139	82	1264036
2017-18	22	Columbus	41	683034	26	12	3	41	697287	82	1380321
2017-18	15	Dallas	41	742511	26	12	3	41	687734	82	1430245
2017-18	20	San Jose	41	711988	25	13	3	41	709136	82	1421124
2017-18	14	Los Angeles	41	747845	23	15	3	41	712252	82	1460097
2017-18	30	Arizona	41	534670	16	21	4	41	715901	82	1250571
2017-18	27	New Jersey	41	623240	23	14	4	41	715655	82	1338895
2017-18	18	NY Rangers	41	731899	21	16	4	41	744519	82	1476418
2017-18	13	Edmonton	41	752227	19	18	4	41	730374	82	1482601
2017-18	31	NY Islanders	41	492086	19	18	4	41	722584	82	1214670
2017-18	8	Calgary	41	775105	17	20	4	41	700854	82	1475959
2017-18	23	Anaheim	41	682060	26	10	5	41	710284	82	1392344
2017-18	1	Chicago	41	887794	18	18	5	41	723773	82	1611567
2017-18	11	Buffalo	41	761104	11	25	5	41	712785	82	1473889
2017-18	24	Ottawa	41	648996	16	19	6	41	706799	82	1355795
2017-18	3	Philadelphia	41	800214	22	13	6	41	702781	82	1502995
2017-18	29	Carolina	41	546142	19	16	6	41	703396	82	1249538
2017-18	16	Vancouver	41	741233	16	18	7	41	697820	82	1439053
2017-18	2	Montréal	41	873283	18	14	9	41	733736	82	1607019
2017-18	4	Detroit	41	800115	16	16	9	41	717295	82	1517410
2017-18	26	Winnipeg	41	628161	32	7	2	41	713810	82	1341971
2017-18	10	Pittsburgh	41	761764	30	9	2	41	732793	82	1494557
2017-18	21	Nashville	41	709597	28	9	4	41	711391	82	1420988
2017-18	19	Boston	41	720165	28	8	5	41	722092	82	1442257
2017-18	7	Minnesota	41	780501	27	6	8	41	722461	82	1502962